,id_hdv,crim_rec,crim_number,sent_date,crim_inst,crime,crim_penalty,mode,compliance
0,0-1-1,1, , , , , , , 
1,0-1-2,1, , , , , , , 
2,0-1-3,1, , , , , , , 
3,0-1-6,1, , , , , , , 
4,0-1-7,1, , , , , , , 
5,0-2-1,1, , , , , , , 
6,0-2-2,1, , , , , , , 
7,0-2-3,1, , , , , , , 
8,0-3-1,1, , , , , , , 
9,0-3-4,1, , , , , , , 
10,0-3-6,1, , , , , , , 
11,0-4-1,1, , , , , , , 
12,0-4-2,1, , , , , , , 
13,0-5-1,1, , , , , , , 
14,0-5-2,1, , , , , , , 
15,0-5-3,1, , , , , , , 
16,0-5-4,1, , , , , , , 
17,0-5-5,1, , , , , , , 
18,0-5-6,1, , , , , , , 
19,0-5-7,1, , , , , , , 
20,0-6-1,1, , , , , , , 
21,0-6-2,1, , , , , , , 
22,0-6-3,1, , , , , , , 
23,0-7-1,1, , , , , , , 
24,0-7-2,1, , , , , , , 
25,0-7-3,1, , , , , , , 
26,0-7-4,1, , , , , , , 
27,0-7-5,1, , , , , , , 
28,0-7-6,1, , , , , , , 
29,0-8-1,1, , , , , , , 
30,0-8-3,1, , , , , , , 
31,0-8-4,1, , , , , , , 
32,0-8-5,1, , , , , , , 
33,0-9-2,1, , , , , , , 
34,0-10-1,1, , , , , , , 
35,0-10-2,1, , , , , , , 
36,0-11-1,1, , , , , , , 
37,0-12-1,1, , , , , , , 
38,0-12-3,1, , , , , , , 
39,0-13-1,1, , , , , , , 
40,0-13-2,1, , , , , , , 
41,0-13-3,1, , , , , , , 
42,0-13-4,1, , , , , , , 
43,0-13-5,1, , , , , , , 
44,0-14-1,1, , , , , , , 
45,0-14-2,1, , , , , , , 
46,0-14-3,1, , , , , , , 
47,0-15-1,1, , , , , , , 
48,0-15-2,1, , , , , , , 
49,0-15-3,1, , , , , , , 
50,0-15-4,1, , , , , , , 
51,0-15-5,1, , , , , , , 
52,0-16-1,1, , , , , , , 
53,0-16-2,1, , , , , , , 
54,0-16-3,1, , , , , , , 
55,0-16-4,1, , , , , , , 
56,0-16-5,1, , , , , , , 
57,0-16-6,1, , , , , , , 
58,0-16-8,1, , , , , , , 
59,0-16-9,1, , , , , , , 
60,0-16-11,1, , , , , , , 
61,0-16-12,1, , , , , , , 
62,0-16-13,1, , , , , , , 
63,0-16-14,1, , , , , , , 
64,0-16-15,1, , , , , , , 
65,0-16-16,1, , , , , , , 
66,0-16-18,1, , , , , , , 
67,0-16-19,1, , , , , , , 
68,0-16-20,1, , , , , , , 
69,0-16-21,1, , , , , , , 
70,0-16-22,1, , , , , , , 
71,0-16-23,1, , , , , , , 
72,0-16-24,1, , , , , , , 
73,0-16-25,1, , , , , , , 
74,0-16-26,1, , , , , , , 
75,0-16-27,1, , , , , , , 
76,0-16-28,1, , , , , , , 
77,0-16-29,1, , , , , , , 
78,0-16-30,1, , , , , , , 
79,0-16-31,1, , , , , , , 
80,0-16-32,1, , , , , , , 
81,0-16-34,1, , , , , , , 
82,0-16-35,1, , , , , , , 
83,0-17-1,1, , , , , , , 
84,0-17-3,1, , , , , , , 
85,0-17-4,1, , , , , , , 
86,0-18-1,1,2294-2006-0-1501-JR-PE-07 ,10/12/2006 ,JUZGADO PENAL ,LESIONES LEVES ,REPARACION ,RESERVA DE FALLO ,PENA CUMPLIDA 
87,0-18-2,1, , , , , , , 
88,0-18-4,1, , , , , , , 
89,0-18-5,1, , , , , , , 
90,0-19-1,1, , , , , , , 
91,0-19-3,1, , , , , , , 
92,0-19-4,1, , , , , , , 
93,0-19-5,1, , , , , , , 
94,0-20-1,1, , , , , , , 
95,0-20-2,1, , , , , , , 
96,0-20-3,1, , , , , , , 
97,0-21-1,1, , , , , , , 
98,0-21-2,1,2009-004 ,01/08/2009 ,JUZGADO MIXTO DE ATALAYA ,ABUSO DE AUTORIDAD ,UN AÑO DE PENA PRIVATIVA DE LIBERTAD SUSPENDIDA ,SUSPENDIDA ,PENA CUMPLIDA 
99,0-21-2,2,2005-061 ,01/10/2005 ,JUZGADO MIXTO DE ATALAYA ,ABUSO DE AUTORIDAD ,UN AÑO DE PENA PRIVATIVA DE LA LIBERTAD SUSPENDIDA ,SUSPENDIDA ,PENA CUMPLIDA 
100,0-21-3,1, , , , , , , 
101,0-22-1,1, , , , , , , 
102,0-22-2,1, , , , , , , 
103,0-22-3,1, , , , , , , 
104,0-23-1,1,2'008-227 ,01/01/2008 ,JUZGADO PENAL LIQUIDADOR ,OMISION ,RESERVA DE FALLO ,RESERVA DE FALLO ,PENA CUMPLIDA 
105,0-23-2,1, , , , , , , 
106,0-23-3,1, , , , , , , 
107,0-23-4,1, , , , , , , 
108,0-24-1,1, , , , , , , 
109,0-24-2,1, , , , , , , 
110,0-24-3,1, , , , , , , 
111,0-24-4,1, , , , , , , 
112,0-26-1,1, , , , , , , 
113,0-26-2,1, , , , , , , 
114,0-26-3,1, , , , , , , 
115,0-26-4,1, , , , , , , 
116,0-26-5,1, , , , , , , 
117,0-26-6,1, , , , , , , 
118,0-26-7,1, , , , , , , 
119,0-27-1,1, , , , , , , 
120,0-27-2,1, , , , , , , 
121,0-27-3,1,427-86 ,20/03/1997 ,SEXTO JUZGADO PENAL ,CONTRA LA SEGURIDAD PÚBLICA ,PRIVATIVA DE LA LIBERTAD ,SUSPENDIDA ,PENA CUMPLIDA 
122,0-27-3,2,343-1996 ,23/12/2004 ,SEXTO JUZGADO PENAL ,HOMICIDIO CULPOSO ,PENA PRIVATIVA DE LA LIBERTAD ,SUSPENDIDA ,PENA CUMPLIDA 
123,0-27-4,1, , , , , , , 
124,0-27-6,1, , , , , , , 
125,0-28-1,1, , , , , , , 
126,0-28-2,1, , , , , , , 
127,0-28-3,1,205-2002-0-2901-JR-PE-02 ,20/08/2009 ,SEGUNDO JUZGADO PENAL DE PASCO ,ART. 181. ,DOS AÑOS ,SUSPENDIDA ,PENA CUMPLIDA 
128,0-29-1,1, , , , , , , 
129,0-29-2,1, , , , , , , 
130,0-29-3,1, , , , , , , 
131,0-30-1,1, , , , , , , 
132,0-30-3,1,823-2014 ,04/12/2017 ,JUZGADO PENAL UNIPERSONAL DE DELITOS AMBIENTALES. ,ALTERACIÓN DEL AMBIENTE ,1 AÑO PENA SUSPENDIDA. ,SUSPENDIDA ,PENA CUMPLIDA 
133,0-30-4,1, , , , , , , 
134,0-30-5,1, , , , , , , 
135,0-31-1,1, , , , , , , 
136,0-31-2,1, , , , , , , 
137,0-31-3,1, , , , , , , 
138,0-31-4,1, , , , , , , 
139,0-31-5,1, , , , , , , 
140,0-31-6,1, , , , , , , 
141,0-32-1,1, , , , , , , 
142,0-32-2,1,2368 2018 ,19/09/2016 ,CORTE SUPERIOR DE JUSTICIA DE LA LIBERTAD ,DIFAMACION ,CONDENATORIA ,SUSPENDIDA ,PENA CUMPLIDA 
143,0-32-3,1, , , , , , , 
144,0-32-4,1, , , , , , , 
145,0-32-5,1, , , , , , , 
146,0-32-6,1, , , , , , , 
147,0-32-7,1, , , , , , , 
148,0-33-2,1,2004-2016-0 ,10/10/2016 ,AYACUCHO ,LESIONES ,PENA ,SUSPENDIDA ,PENA CUMPLIDA 
149,0-33-3,1, , , , , , , 
150,0-34-1,1, , , , , , , 
151,0-34-2,1, , , , , , , 
152,0-34-3,1, , , , , , , 
153,0-34-4,1, , , , , , , 
154,0-35-1,1, , , , , , , 
155,0-35-2,1, , , , , , , 
156,0-35-3,1, , , , , , , 
157,0-36-1,1, , , , , , , 
158,0-36-2,1, , , , , , , 
159,0-36-3,1, , , , , , , 
160,0-36-4,1, , , , , , , 
161,0-36-5,1, , , , , , , 
162,0-36-6,1, , , , , , , 
163,0-36-7,1, , , , , , , 
164,0-37-1,1, , , , , , , 
165,0-37-2,1, , , , , , , 
166,0-37-3,1, , , , , , , 
167,0-38-1,1, , , , , , , 
168,0-38-2,1, , , , , , , 
169,0-38-3,1, , , , , , , 
170,0-39-1,1, , , , , , , 
171,0-39-2,1, , , , , , , 
172,0-39-3,1, , , , , , , 
173,0-39-4,1, , , , , , , 
174,0-39-5,1, , , , , , , 
175,0-39-6,1, , , , , , , 
176,0-39-7,1, , , , , , , 
177,0-40-1,1, , , , , , , 
178,0-40-2,1,695-2009 ,26/08/2010 ,JUZGADO PENAL ,CONTRA LA ADMINISTRACION PUBLICA - ABUSO DE PODER ,RESERVA DE FALLO ,RESERVA DE FALLO ,PENA CUMPLIDA 
179,0-40-3,1,067-2014-52-1014-GR-PE-01 ,05/05/2016 ,JUZGADO PENAL UNIPERSONAL PERMANENTE DE QUISPICANCHI ,POR VIOLENCIA Y DESOBEDIENCIA A LA AUTORIDAD ,FALLO CONDENATORIO 1 AÑO ,RESERVA DE FALLO ,PENA CUMPLIDA 
180,0-40-4,1, , , , , , , 
181,0-40-5,1, , , , , , , 
182,0-41-1,1, , , , , , , 
183,0-41-2,1, , , , , , , 
184,0-41-3,1, , , , , , , 
185,0-41-4,1,02648-2014-72-1401-JR-PE-04 ,19/09/2018 ,IV JUZGADO DE INVESTIGACION PREPARATORIA-ICA ,AVOCACION INDEBIDA DE PROCESOS EN TRAMITE ,INHABILITACION POR UN AÑO ,SUSPENDIDA ,PENA CUMPLIDA 
186,0-42-1,1, , , , , , , 
187,0-42-2,1, , , , , , , 
188,0-43-1,1, , , , , , , 
189,0-43-2,1, , , , , , , 
190,0-43-3,1, , , , , , , 
191,0-44-1,1, , , , , , , 
192,0-44-2,1, , , , , , , 
193,0-44-3,1, , , , , , , 
194,0-44-4,1, , , , , , , 
195,0-44-5,1, , , , , , , 
196,0-45-1,1, , , , , , , 
197,0-45-2,1, , , , , , , 
198,0-45-3,1, , , , , , , 
199,0-46-1,1, , , , , , , 
200,0-46-2,1, , , , , , , 
201,0-46-3,1, , , , , , , 
202,0-46-4,1, , , , , , , 
203,0-46-5,1, , , , , , , 
204,0-47-1,1, , , , , , , 
205,0-47-2,1, , , , , , , 
206,0-47-3,1, , , , , , , 
207,0-48-1,1, , , , , , , 
208,0-48-2,1, , , , , , , 
209,0-48-3,1, , , , , , , 
210,0-48-4,1, , , , , , , 
211,0-49-1,1, , , , , , , 
212,0-50-1,1, , , , , , , 
213,0-50-2,1, , , , , , , 
214,0-50-3,1, , , , , , , 
215,0-51-1,1,982-2016-51-0107-JR-PE-01-JR-PE-01 EN APELACION ,07/11/2019 ,SEGUNDO JUZGADO PENAL UNIPERSONAL DE UTCUBAMBA A ,APROPIACION ILIICTA ,CONDENADO 4 AÑOS EN APELACION ,SUSPENDIDA ,EN CUMPLIMIENTO 
216,0-51-2,1, , , , , , , 
217,0-51-3,1, , , , , , , 
218,0-52-1,1, , , , , , , 
219,0-52-2,1, , , , , , , 
220,0-53-1,1, , , , , , , 
221,0-53-2,1, , , , , , , 
222,0-53-3,1, , , , , , , 
223,0-54-1,1, , , , , , , 
224,0-54-4,1, , , , , , , 
225,0-54-5,1, , , , , , , 
226,0-54-6,1, , , , , , , 
227,0-55-3,1, , , , , , , 
228,0-55-4,1, , , , , , , 
229,0-56-1,1, , , , , , , 
230,0-56-2,1, , , , , , , 
231,0-57-2,1, , , , , , , 
232,0-57-3,1, , , , , , , 
233,0-58-1,1, , , , , , , 
234,0-58-2,1, , , , , , , 
235,0-58-3,1, , , , , , , 
236,0-59-2,1, , , , , , , 
237,0-59-3,1, , , , , , , 
238,0-60-1,1, , , , , , , 
239,0-60-2,1, , , , , , , 
240,0-60-3,1, , , , , , , 
241,0-60-4,1, , , , , , , 
242,0-61-2,1, , , , , , , 
243,0-61-3,1, , , , , , , 
244,0-61-4,1, , , , , , , 
245,0-62-1,1, , , , , , , 
246,0-63-1,1, , , , , , , 
247,0-63-2,1, , , , , , , 
248,0-63-3,1, , , , , , , 
249,0-63-4,1, , , , , , , 
250,0-63-5,1, , , , , , , 
251,0-64-1,1, , , , , , , 
252,0-64-2,1, , , , , , , 
253,0-64-3,1, , , , , , , 
254,0-64-4,1, , , , , , , 
255,0-65-1,1, , , , , , , 
256,0-65-2,1, , , , , , , 
257,0-65-4,1, , , , , , , 
258,0-65-5,1, , , , , , , 
259,0-65-6,1, , , , , , , 
260,0-65-7,1, , , , , , , 
261,0-66-1,1, , , , , , , 
262,0-66-2,1, , , , , , , 
263,0-66-3,1, , , , , , , 
264,0-67-1,1, , , , , , , 
265,0-67-2,1, , , , , , , 
266,0-67-3,1, , , , , , , 
267,0-67-4,1, , , , , , , 
268,0-68-1,1, , , , , , , 
269,0-68-2,1, , , , , , , 
270,0-68-3,1, , , , , , , 
271,0-68-4,1, , , , , , , 
272,0-69-1,1, , , , , , , 
273,0-69-2,1, , , , , , , 
274,0-69-3,1, , , , , , , 
275,0-69-4,1, , , , , , , 
276,0-70-1,1, , , , , , , 
277,0-70-2,1, , , , , , , 
278,0-70-3,1, , , , , , , 
279,0-70-5,1, , , , , , , 
280,0-71-1,1, , , , , , , 
281,0-71-2,1, , , , , , , 
282,0-71-5,1, , , , , , , 
283,0-72-1,1, , , , , , , 
284,0-72-2,1, , , , , , , 
285,0-72-3,1, , , , , , , 
286,0-74-4,1, , , , , , , 
287,0-75-1,1, , , , , , , 
288,0-75-2,1, , , , , , , 
289,0-75-3,1, , , , , , , 
290,0-75-4,1, , , , , , , 
291,0-75-5,1, , , , , , , 
292,0-75-6,1, , , , , , , 
293,0-76-2,1, , , , , , , 
294,0-76-3,1, , , , , , , 
295,0-76-5,1, , , , , , , 
296,0-77-1,1, , , , , , , 
297,0-77-2,1, , , , , , , 
298,0-77-3,1, , , , , , , 
299,0-78-1,1, , , , , , , 
300,0-78-2,1, , , , , , , 
301,0-78-3,1, , , , , , , 
302,0-79-2,1, , , , , , , 
303,0-79-3,1, , , , , , , 
304,0-80-1,1, , , , , , , 
305,0-80-3,1, , , , , , , 
306,0-81-1,1, , , , , , , 
307,0-81-2,1, , , , , , , 
308,0-81-3,1,008-1993 ,30/01/1995 ,JUZGADO PENAL HUARAL HUAURA ,CALUMNIA ,1 AÑO ,SUSPENDIDA ,PENA CUMPLIDA 
309,0-81-3,2,2112-99 ,21/07/2001 ,JUZGADO PENAL DE HUARAL CS HUAURA ,CALUMNIA ,2 AÑOS ,SUSPENDIDA ,PENA CUMPLIDA 
310,0-81-4,1, , , , , , , 
311,0-82-3,1, , , , , , , 
312,0-83-2,1, , , , , , , 
313,0-83-3,1, , , , , , , 
314,0-83-5,1, , , , , , , 
315,0-84-1,1, , , , , , , 
316,0-84-2,1, , , , , , , 
317,0-84-3,1, , , , , , , 
318,0-84-4,1, , , , , , , 
319,0-85-1,1, , , , , , , 
320,0-85-2,1, , , , , , , 
321,0-85-3,1, , , , , , , 
322,0-85-4,1, , , , , , , 
323,0-85-5,1, , , , , , , 
324,0-85-6,1, , , , , , , 
325,0-86-2,1, , , , , , , 
326,0-86-3,1, , , , , , , 
327,0-87-1,1, , , , , , , 
328,0-87-2,1, , , , , , , 
329,0-87-3,1, , , , , , , 
330,0-87-4,1, , , , , , , 
331,0-87-5,1, , , , , , , 
332,0-87-6,1, , , , , , , 
333,0-87-7,1, , , , , , , 
334,0-88-1,1, , , , , , , 
335,0-88-2,1, , , , , , , 
336,0-89-1,1, , , , , , , 
337,0-89-2,1, , , , , , , 
338,0-89-3,1, , , , , , , 
339,0-95-2,1, , , , , , , 
340,0-95-3,1, , , , , , , 
341,0-95-4,1, , , , , , , 
342,0-95-5,1, , , , , , , 
343,0-95-6,1, , , , , , , 
344,0-96-1,1, , , , , , , 
345,0-96-2,1, , , , , , , 
346,0-96-3,1, , , , , , , 
347,0-96-4,1, , , , , , , 
348,0-97-2,1, , , , , , , 
349,0-97-3,1, , , , , , , 
350,0-97-4,1, , , , , , , 
351,0-97-5,1, , , , , , , 
352,0-97-6,1, , , , , , , 
353,0-97-7,1,2269-2009 ,26/11/2004 ,23 JUZGADO PENAL ,USURPACION ,3 AÑOS DE LIBERTAD CONDICIONAL ,SUSPENDIDA ,PENA CUMPLIDA 
354,0-97-9,1, , , , , , , 
355,0-97-10,1, , , , , , , 
356,0-97-11,1, , , , , , , 
357,0-97-12,1, , , , , , , 
358,0-97-13,1, , , , , , , 
359,0-97-14,1, , , , , , , 
360,0-97-16,1, , , , , , , 
361,0-97-17,1, , , , , , , 
362,0-97-18,1, , , , , , , 
363,0-97-19,1, , , , , , , 
364,0-97-20,1, , , , , , , 
365,0-97-23,1, , , , , , , 
366,0-97-25,1, , , , , , , 
367,0-97-26,1, , , , , , , 
368,0-97-27,1, , , , , , , 
369,0-97-28,1, , , , , , , 
370,0-97-29,1, , , , , , , 
371,0-97-30,1, , , , , , , 
372,0-97-31,1, , , , , , , 
373,0-97-32,1, , , , , , , 
374,0-97-33,1, , , , , , , 
375,0-97-34,1, , , , , , , 
376,0-97-35,1, , , , , , , 
377,0-97-36,1, , , , , , , 
378,0-98-1,1,873-2010 ,25/04/2011 ,2 SALA PENAL DE APELACIONES ,FALSEDAD GENERICA ,UN AÑO SUSPENDIDO ,SUSPENDIDA ,PENA CUMPLIDA 
379,0-98-1,2,583-2014 ,20/11/2014 ,1 JUZGADO UNIPERSONAL ,CONTRA LA FAMILIA ,SUSPENDIDO ,SUSPENDIDA ,PENA CUMPLIDA 
380,0-98-1,3,1160-2010 ,10/01/2009 ,1 JUZGADO MIXTO DE WANCHAQ ,VIOLENCIA FAMILIAR ,SUSPENDIDO ,SUSPENDIDA ,PENA CUMPLIDA 
381,0-98-1,4,1701-2014 ,07/11/2011 ,2 JUZGADO PENAL ,FALSEDAD GENERICA ,UN ANO SUSPENDIDA ,SUSPENDIDA ,PENA CUMPLIDA 
382,0-98-1,5,3218- 2016 ,29/10/2019 ,2 SALA PENAL DE APELACIONES ,QUERELLA DIFAMACION ,1 AÑO 8 MESES SUSPENDIDA ,SUSPENDIDA ,EN CUMPLIMIENTO 
383,0-98-2,1, , , , , , , 
384,0-98-4,1, , , , , , , 
385,0-98-5,1, , , , , , , 
386,0-99-1,1, , , , , , , 
387,0-99-2,1, , , , , , , 
388,0-99-3,1, , , , , , , 
389,0-99-4,1, , , , , , , 
390,0-99-5,1, , , , , , , 
391,0-100-1,1, , , , , , , 
392,0-100-3,1, , , , , , , 
393,0-100-4,1, , , , , , , 
394,0-100-5,1, , , , , , , 
395,0-101-1,1, , , , , , , 
396,0-101-2,1, , , , , , , 
397,0-101-3,1, , , , , , , 
398,0-101-4,1, , , , , , , 
399,0-102-1,1, , , , , , , 
400,0-102-2,1, , , , , , , 
401,0-102-3,1, , , , , , , 
402,0-103-1,1, , , , , , , 
403,0-103-2,1, , , , , , , 
404,0-103-3,1, , , , , , , 
405,0-103-4,1, , , , , , , 
406,0-103-5,1, , , , , , , 
407,0-104-1,1, , , , , , , 
408,0-104-3,1, , , , , , , 
409,0-104-4,1, , , , , , , 
410,0-104-5,1, , , , , , , 
411,0-104-7,1, , , , , , , 
412,0-104-8,1, , , , , , , 
413,0-104-9,1, , , , , , , 
414,0-104-11,1, , , , , , , 
415,0-104-12,1, , , , , , , 
416,0-104-13,1, , , , , , , 
417,0-104-14,1, , , , , , , 
418,0-104-15,1, , , , , , , 
419,0-104-17,1, , , , , , , 
420,0-104-18,1, , , , , , , 
421,0-104-19,1, , , , , , , 
422,0-104-20,1, , , , , , , 
423,0-104-21,1, , , , , , , 
424,0-104-23,1, , , , , , , 
425,0-104-24,1, , , , , , , 
426,0-104-25,1, , , , , , , 
427,0-104-26,1, , , , , , , 
428,0-104-27,1, , , , , , , 
429,0-104-28,1, , , , , , , 
430,0-104-29,1, , , , , , , 
431,0-104-30,1, , , , , , , 
432,0-104-34,1, , , , , , , 
433,0-104-36,1, , , , , , , 
434,0-105-1,1, , , , , , , 
435,0-105-2,1, , , , , , , 
436,0-105-3,1, , , , , , , 
437,0-106-1,1, , , , , , , 
438,0-106-2,1, , , , , , , 
439,0-106-3,1, , , , , , , 
440,0-106-4,1, , , , , , , 
441,0-107-1,1, , , , , , , 
442,0-107-2,1, , , , , , , 
443,0-107-3,1,64-2017 ,19/03/2007 ,JUZGADO PENAL LIQUIDADOR DE CHEPÉN ,DAÑOS AGRAVADOS ,DOS AÑOS DE PENA PRIVATIVA DE LIBERTAD ,SUSPENDIDA ,PENA CUMPLIDA 
444,0-107-3,2,580-2015 ,21/04/2016 ,PRIMER JUZGADO PENAL UNIPERSONAL DE CHEPÉN ,DIFAMACIÓN AGRAVADA ,UN AÑO DE PENA PRIVATIVA DE LIBERTAD ,SUSPENDIDA ,PENA CUMPLIDA 
445,0-107-3,3,231-2016 ,11/08/2016 ,TERCERA SALA PENAL DE TRUJILLO ,DELITO DE DIFAMACIÓN AGRAVADA ,CONFIRMA SENTENCIA DE PRIMERA INSTANCIA DE EXPEDIENTE 580-2015 ,OTRO ,CONFIRMA SENTENCIA 
446,0-107-3,4,19-2018 ,02/04/2018 ,TERCERA SALA PENAL DE CHACHAPOYAS ,HÁBEAS CORPUS CONTRA SENTENCIA POR DELITO DE DIFAMACIÓN AGRAVADA EN SEGUNDA INSTANCIA ,NULIDAD DE SENTENCIA DEL EXPEDIENTE 231-2016 (SEGUNDA INSTANCIA DEL EXPEDIENTE 580-2015) ,OTRO ,NULIDAD DE SETENCIA 
447,0-107-4,1, , , , , , , 
448,0-107-5,1, , , , , , , 
449,0-107-6,1,192-2009 ,27/12/2010 ,JUZGADO PENAL UNIPERSONAL DE VIRÚ ,ABUSO DE AUTORIDAD ,RESERVA DE FALLO ,RESERVA DE FALLO ,PENA CUMPLIDA 
450,0-107-7,1, , , , , , , 
451,0-108-1,1,630-2016-0-3102-JR-PE-01 ,30/08/2017 ,JUZGADO PENAL UNIPERSONAL ,DIFAMACION ,1 AÑO ,SUSPENDIDA ,PENA CUMPLIDA 
452,0-108-3,1, , , , , , , 
453,0-108-5,1, , , , , , , 
454,0-108-6,1, , , , , , , 
455,0-108-7,1, , , , , , , 
456,0-109-1,1, , , , , , , 
457,0-109-2,1, , , , , , , 
458,0-109-3,1, , , , , , , 
459,0-109-4,1, , , , , , , 
460,0-109-5,1, , , , , , , 
461,0-110-1,1,361-2007 ,13/05/2009 ,PRIMER JUZGADO LIQUIDADOR PASCO ,DESOBEDIENCIA Y RESISTENCIA A LA AUTORIDAD ,4 AÑOS ,SUSPENDIDA ,PENA CUMPLIDA 
462,0-110-2,1, , , , , , , 
463,0-110-3,1, , , , , , , 
464,0-111-1,1, , , , , , , 
465,0-111-2,1, , , , , , , 
466,0-111-3,1, , , , , , , 
467,0-112-1,1, , , , , , , 
468,0-112-2,1, , , , , , , 
469,0-112-3,1, , , , , , , 
470,0-113-1,1, , , , , , , 
471,0-113-2,1,1246-2014-0-1501-JR-PE-04 ,07/09/2016 ,2DA SALA PENAL ,ENTORPECIMIENTO AL SERVICIO PUBLICO ,SE DECLARA ARCHIVAMIENTO ,OTRO ,NO HABER MERITO PARA CONTINUAR PRCOESO 
472,0-113-3,1, , , , , , , 
473,0-113-4,1, , , , , , , 
474,0-113-5,1, , , , , , , 
475,0-114-1,1, , , , , , , 
476,0-115-1,1, , , , , , , 
477,0-115-3,1, , , , , , , 
478,0-116-1,1, , , , , , , 
479,0-116-2,1, , , , , , , 
480,0-116-3,1, , , , , , , 
481,0-117-1,1, , , , , , , 
482,0-117-2,1, , , , , , , 
483,0-117-3,1, , , , , , , 
484,0-118-1,1, , , , , , , 
485,0-118-2,1, , , , , , , 
486,0-118-3,1, , , , , , , 
487,0-118-4,1, , , , , , , 
488,0-119-1,1, , , , , , , 
489,0-119-2,1, , , , , , , 
490,0-119-3,1, , , , , , , 
491,0-120-1,1, , , , , , , 
492,0-120-4,1, , , , , , , 
493,0-120-5,1,225-88 ,06/09/1991 ,I JUZGADO PENAL DE PAITA ,ABANDONO DE FAMILIA ART COD.P.1924 - OMISION A LA ASISTENCIA FAMILIAR ,TRES MESES ,SUSPENDIDA ,PENA CUMPLIDA 
494,0-120-5,2,225-88 ,11/08/1998 ,I JUZGADO PENAL DE PAITA ,ABANDO DE FAMILIA ART. COD.P.1924 - OMISIÓN DE ASISTENCIA FAMILIAR ,SEIS MESES ,SUSPENDIDA ,PENA CUMPLIDA 
495,0-120-6,1, , , , , , , 
496,0-120-7,1, , , , , , , 
497,0-121-1,1, , , , , , , 
498,0-121-2,1, , , , , , , 
499,0-121-3,1, , , , , , , 
500,0-121-4,1, , , , , , , 
501,0-121-5,1, , , , , , , 
502,0-121-6,1, , , , , , , 
503,0-121-7,1,02867-2013-31-1618JR-PE-01 ,01/12/2017 ,PRIMER JUZGADO UNIPERSONAL DE TRUJILLO ,HOMICIDIO CULPOSO ,3 AÑOS ,SUSPENDIDA ,EN CUMPLIMIENTO 
504,0-122-1,1,549-2007 ,14/05/2014 ,SALA PENAL CORTE SUPERIOR DE JUSTICIA AYACUCHO ,PECULADO DOLOSO ,ARCHIVADO POR ABSOLUCIÓN ,OTRO ,ABSOLUCIÓN 
505,0-122-2,1, , , , , , , 
506,0-122-3,1, , , , , , , 
507,0-122-5,1, , , , , , , 
508,0-124-1,1, , , , , , , 
509,0-124-2,1, , , , , , , 
510,0-125-1,1, , , , , , , 
511,0-125-3,1, , , , , , , 
512,0-125-4,1, , , , , , , 
513,0-125-5,1, , , , , , , 
514,0-125-6,1, , , , , , , 
515,0-126-1,1,2000-001 ,07/04/2013 ,SALA MIXTA DE ABANCAY ,RECEPTACIÓN ,2 AÑOS SUSPENDIDA ,SUSPENDIDA ,PENA CUMPLIDA 
516,0-126-2,1, , , , , , , 
517,0-126-3,1, , , , , , , 
518,0-127-1,1, , , , , , , 
519,0-128-1,1, , , , , , , 
520,0-128-2,1, , , , , , , 
521,0-128-3,1, , , , , , , 
522,0-129-1,1, , , , , , , 
523,0-129-2,1,018-1996-0-2601-JR-PE-04 ,02/02/1999 ,TUMBES ,USURPACION ,PPL 02 AÑOS ,SUSPENDIDA ,PENA CUMPLIDA 
524,0-129-3,1, , , , , , , 
525,0-130-1,1, , , , , , , 
526,0-130-2,1, , , , , , , 
527,0-130-3,1, , , , , , , 
528,0-130-4,1, , , , , , , 
529,0-130-5,1, , , , , , , 
530,0-130-6,1, , , , , , , 
531,0-130-7,1, , , , , , , 
532,0-130-8,1, , , , , , , 
533,0-130-9,1, , , , , , , 
534,0-130-10,1, , , , , , , 
535,0-130-11,1, , , , , , , 
536,0-130-13,1, , , , , , , 
537,0-130-14,1,490-2013-3207JM-PE-03 ,10/06/2014 ,1° JUZGADO PENAL TRANSITORIO ,PELIGRO COMUN ,1 AÑO DE PENA PRIVATIVA DE LA LIBERTAD ,SUSPENDIDA ,PENA CUMPLIDA 
538,0-130-15,1, , , , , , , 
539,0-130-16,1, , , , , , , 
540,0-130-18,1, , , , , , , 
541,0-130-19,1, , , , , , , 
542,0-130-20,1, , , , , , , 
543,0-130-21,1, , , , , , , 
544,0-130-22,1, , , , , , , 
545,0-130-23,1, , , , , , , 
546,0-130-24,1, , , , , , , 
547,0-130-25,1, , , , , , , 
548,0-130-26,1, , , , , , , 
549,0-130-27,1, , , , , , , 
550,0-130-28,1, , , , , , , 
551,0-130-29,1, , , , , , , 
552,0-130-32,1, , , , , , , 
553,0-130-33,1, , , , , , , 
554,0-130-34,1, , , , , , , 
555,0-130-35,1, , , , , , , 
556,0-130-36,1, , , , , , , 
557,0-131-1,1, , , , , , , 
558,0-131-2,1, , , , , , , 
559,0-131-3,1, , , , , , , 
560,0-131-4,1, , , , , , , 
561,0-132-1,1, , , , , , , 
562,0-132-2,1, , , , , , , 
563,0-132-3,1, , , , , , , 
564,0-132-4,1, , , , , , , 
565,0-134-1,1, , , , , , , 
566,0-134-2,1, , , , , , , 
567,0-134-3,1, , , , , , , 
568,0-134-5,1, , , , , , , 
569,0-135-3,1, , , , , , , 
570,0-135-4,1, , , , , , , 
571,0-135-6,1, , , , , , , 
572,0-135-7,1, , , , , , , 
573,0-135-8,1, , , , , , , 
574,0-135-9,1, , , , , , , 
575,0-135-10,1, , , , , , , 
576,0-135-11,1, , , , , , , 
577,0-135-12,1, , , , , , , 
578,0-135-14,1, , , , , , , 
579,0-135-16,1, , , , , , , 
580,0-135-17,1, , , , , , , 
581,0-135-18,1, , , , , , , 
582,0-135-20,1, , , , , , , 
583,0-135-22,1, , , , , , , 
584,0-135-23,1, , , , , , , 
585,0-135-24,1, , , , , , , 
586,0-135-25,1, , , , , , , 
587,0-135-26,1, , , , , , , 
588,0-135-27,1, , , , , , , 
589,0-135-28,1, , , , , , , 
590,0-135-29,1, , , , , , , 
591,0-135-30,1, , , , , , , 
592,0-135-31,1, , , , , , , 
593,0-135-32,1, , , , , , , 
594,0-135-33,1, , , , , , , 
595,0-135-34,1, , , , , , , 
596,0-135-35,1, , , , , , , 
597,0-135-36,1, , , , , , , 
598,0-136-1,1, , , , , , , 
599,0-136-2,1, , , , , , , 
600,0-137-1,1, , , , , , , 
601,0-137-3,1, , , , , , , 
602,0-138-1,1, , , , , , , 
603,0-138-3,1, , , , , , , 
604,0-138-4,1, , , , , , , 
605,0-139-1,1, , , , , , , 
606,0-139-2,1, , , , , , , 
607,0-139-3,1, , , , , , , 
608,0-139-5,1, , , , , , , 
609,0-139-6,1, , , , , , , 
610,0-140-2,1, , , , , , , 
611,0-140-3,1, , , , , , , 
612,0-141-2,1, , , , , , , 
613,0-141-4,1, , , , , , , 
614,0-141-5,1, , , , , , , 
615,0-142-1,1, , , , , , , 
616,0-142-2,1, , , , , , , 
617,0-142-3,1, , , , , , , 
618,0-143-1,1, , , , , , , 
619,0-143-2,1, , , , , , , 
620,0-143-3,1, , , , , , , 
621,0-143-4,1, , , , , , , 
622,0-143-5,1, , , , , , , 
623,0-144-1,1, , , , , , , 
624,0-144-3,1, , , , , , , 
625,0-144-4,1, , , , , , , 
626,0-144-5,1, , , , , , , 
627,0-145-1,1, , , , , , , 
628,0-145-2,1, , , , , , , 
629,0-145-3,1, , , , , , , 
630,0-145-4,1, , , , , , , 
631,0-145-5,1, , , , , , , 
632,0-146-1,1, , , , , , , 
633,0-146-2,1, , , , , , , 
634,0-146-3,1, , , , , , , 
635,0-146-4,1, , , , , , , 
636,0-146-5,1, , , , , , , 
637,0-146-6,1, , , , , , , 
638,0-146-7,1, , , , , , , 
639,0-146-8,1, , , , , , , 
640,0-146-9,1, , , , , , , 
641,0-146-10,1, , , , , , , 
642,0-146-11,1, , , , , , , 
643,0-146-12,1, , , , , , , 
644,0-146-14,1, , , , , , , 
645,0-146-15,1, , , , , , , 
646,0-146-16,1, , , , , , , 
647,0-146-17,1, , , , , , , 
648,0-146-18,1, , , , , , , 
649,0-146-19,1, , , , , , , 
650,0-146-20,1, , , , , , , 
651,0-146-21,1, , , , , , , 
652,0-146-22,1, , , , , , , 
653,0-146-23,1, , , , , , , 
654,0-146-24,1, , , , , , , 
655,0-146-25,1, , , , , , , 
656,0-146-26,1, , , , , , , 
657,0-146-27,1, , , , , , , 
658,0-146-28,1, , , , , , , 
659,0-146-29,1, , , , , , , 
660,0-146-30,1, , , , , , , 
661,0-146-31,1, , , , , , , 
662,0-146-32,1, , , , , , , 
663,0-146-33,1, , , , , , , 
664,0-146-34,1, , , , , , , 
665,0-146-35,1, , , , , , , 
666,0-146-36,1, , , , , , , 
667,0-147-1,1, , , , , , , 
668,0-147-2,1, , , , , , , 
669,0-147-3,1, , , , , , , 
670,0-148-1,1, , , , , , , 
671,0-148-3,1, , , , , , , 
672,0-148-4,1, , , , , , , 
673,0-148-5,1, , , , , , , 
674,0-149-1,1, , , , , , , 
675,0-149-2,1, , , , , , , 
676,0-149-3,1, , , , , , , 
677,0-150-1,1,4898-201 ,08/11/2019 ,NOVENO JUZGADO PENAL UNIPERSONAL DE TRUJILLO ,ABUSO DE AUTORIDAD ,RESERVAR EL FALLO CONDENATORIO POR EL PLAZO DE UN AÑO ,RESERVA DE FALLO ,PENA CUMPLIDA 
678,0-150-2,1, , , , , , , 
679,0-150-3,1, , , , , , , 
680,0-150-4,1,228-2001 ,18/09/2002 ,JUEZ PENAL ,ABUSO DE AUTORIDAD ,UN AÑO DE PENA PRIVATIVA DE LA LIBERTAD ,SUSPENDIDA ,PENA CUMPLIDA 
681,0-150-5,1, , , , , , , 
682,0-150-6,1, , , , , , , 
683,0-150-7,1, , , , , , , 
684,2-1-1,1, , , , , , , 
685,2-1-2,1, , , , , , , 
686,2-1-3,1, , , , , , , 
687,2-2-1,1, , , , , , , 
688,2-2-2,1, , , , , , , 
689,2-2-3,1, , , , , , , 
690,2-3-1,1, , , , , , , 
691,2-3-3,1, , , , , , , 
692,2-3-4,1, , , , , , , 
693,2-3-5,1, , , , , , , 
694,2-4-1,1, , , , , , , 
695,2-4-2,1, , , , , , , 
696,2-4-3,1, , , , , , , 
697,2-5-1,1,02680-2008-0-1903-JR-P04 ,31/08/2009 ,4°JUZGADO PENAL DE MAYNAS ,DESOBEDIENCIA O RESISTENCIA A LA AUTORIDAD ,01 AÑO ,SUSPENDIDA ,PENA CUMPLIDA 
698,2-5-2,1, , , , , , , 
699,2-5-3,1, , , , , , , 
700,2-5-4,1, , , , , , , 
701,2-6-1,1, , , , , , , 
702,2-6-2,1, , , , , , , 
703,2-6-3,1, , , , , , , 
704,2-6-4,1, , , , , , , 
705,2-6-5,1, , , , , , , 
706,2-7-1,1, , , , , , , 
707,2-7-2,1, , , , , , , 
708,2-7-3,1, , , , , , , 
709,2-7-4,1, , , , , , , 
710,2-7-5,1, , , , , , , 
711,2-8-1,1, , , , , , , 
712,2-8-2,1, , , , , , , 
713,2-8-3,1, , , , , , , 
714,2-9-1,1,358-2001 ,13/05/2001 ,JUNIN ,OMICION SIMPLE ,7 AÑOS ,EFECTIVA ,PENA CUMPLIDA 
715,2-9-2,1, , , , , , , 
716,2-9-3,1, , , , , , , 
717,2-10-1,1, , , , , , , 
718,2-10-3,1, , , , , , , 
719,2-10-4,1, , , , , , , 
720,2-10-5,1, , , , , , , 
721,2-10-6,1, , , , , , , 
722,2-10-7,1, , , , , , , 
723,2-10-9,1, , , , , , , 
724,2-10-10,1, , , , , , , 
725,2-10-11,1, , , , , , , 
726,2-10-12,1, , , , , , , 
727,2-10-13,1, , , , , , , 
728,2-10-14,1, , , , , , , 
729,2-10-15,1, , , , , , , 
730,2-10-16,1, , , , , , , 
731,2-10-17,1, , , , , , , 
732,2-10-18,1, , , , , , , 
733,2-10-20,1, , , , , , , 
734,2-10-22,1, , , , , , , 
735,2-10-23,1, , , , , , , 
736,2-10-24,1, , , , , , , 
737,2-10-25,1, , , , , , , 
738,2-10-26,1, , , , , , , 
739,2-10-27,1, , , , , , , 
740,2-10-28,1, , , , , , , 
741,2-10-29,1, , , , , , , 
742,2-10-30,1, , , , , , , 
743,2-10-31,1, , , , , , , 
744,2-10-32,1, , , , , , , 
745,2-10-33,1, , , , , , , 
746,2-10-34,1, , , , , , , 
747,2-10-35,1, , , , , , , 
748,2-11-1,1,20-2005 ,16/06/2008 ,PRIMERA SALA PENAL PARA REOS PROCESO EN CÁRCEL CORTE SUPERIOR DE JUSTICIA DE LIMA ,"REBELIÓN, SECUESTRO Y OTROS ",8 AÑOS ,EFECTIVA ,PENA CUMPLIDA 
749,2-11-1,2,054-2013 ,29/10/2014 ,CORTE SUPERIOR DE JUSTICIA DE HUANCAVELICA ,OMISIÓN DE ACTOS FUNCIONALES ,PERIODO DE PRUEBA DE UN AÑO CON RESERVA DE FALLO ,RESERVA DE FALLO ,PENA CUMPLIDA 
750,2-11-3,1, , , , , , , 
751,2-12-1,1, , , , , , , 
752,2-12-2,1, , , , , , , 
753,2-12-3,1, , , , , , , 
754,2-12-4,1, , , , , , , 
755,2-12-5,1, , , , , , , 
756,2-13-1,1, , , , , , , 
757,2-13-2,1, , , , , , , 
758,2-13-3,1, , , , , , , 
759,2-14-1,1, , , , , , , 
760,2-14-2,1, , , , , , , 
761,2-14-3,1, , , , , , , 
762,2-15-1,1, , , , , , , 
763,2-15-2,1, , , , , , , 
764,2-15-3,1, , , , , , , 
765,2-16-1,1, , , , , , , 
766,2-16-2,1, , , , , , , 
767,2-16-3,1, , , , , , , 
768,2-16-4,1, , , , , , , 
769,2-16-5,1, , , , , , , 
770,2-16-6,1, , , , , , , 
771,2-16-7,1, , , , , , , 
772,2-17-1,1, , , , , , , 
773,2-17-2,1, , , , , , , 
774,2-18-1,1, , , , , , , 
775,2-18-2,1, , , , , , , 
776,2-18-3,1, , , , , , , 
777,2-18-5,1, , , , , , , 
778,2-18-6,1, , , , , , , 
779,2-19-1,1, , , , , , , 
780,2-19-2,1, , , , , , , 
781,2-19-3,1, , , , , , , 
782,2-19-4,1, , , , , , , 
783,2-20-1,1, , , , , , , 
784,2-20-2,1, , , , , , , 
785,2-20-3,1, , , , , , , 
786,2-20-4,1, , , , , , , 
787,2-21-1,1, , , , , , , 
788,2-21-2,1, , , , , , , 
789,2-21-3,1, , , , , , , 
790,2-21-4,1, , , , , , , 
791,2-22-1,1, , , , , , , 
792,2-22-2,1, , , , , , , 
793,2-22-3,1, , , , , , , 
794,2-23-1,1, , , , , , , 
795,2-23-2,1, , , , , , , 
796,2-23-3,1, , , , , , , 
797,2-23-4,1, , , , , , , 
798,2-24-1,1, , , , , , , 
799,2-24-2,1, , , , , , , 
800,2-24-3,1,155-92 ,29/11/1993 ,PRIMER JUZGADO PENAL ,RECEPTACIÓN ,02 AÑOS ,SUSPENDIDA ,PENA CUMPLIDA 
801,2-25-1,1, , , , , , , 
802,2-25-2,1, , , , , , , 
803,2-25-3,1,1723-2013-0-2301-JR-PE-03 ,30/07/2014 ,3ER JUZGADO INV. PREPARATORIA ,CONTRA EL HONOR ,1 AÑO PENA SUSPENDIDA ,SUSPENDIDA ,PENA CUMPLIDA 
804,2-26-1,1, , , , , , , 
805,2-26-2,1, , , , , , , 
806,2-26-3,1, , , , , , , 
807,2-26-4,1, , , , , , , 
808,2-27-2,1, , , , , , , 
809,2-27-3,1, , , , , , , 
810,2-28-1,1, , , , , , , 
811,2-28-2,1, , , , , , , 
812,2-28-3,1, , , , , , , 
813,2-28-4,1, , , , , , , 
814,2-29-1,1, , , , , , , 
815,2-29-2,1, , , , , , , 
816,2-30-1,1, , , , , , , 
817,2-30-2,1, , , , , , , 
818,2-30-3,1, , , , , , , 
819,2-30-4,1, , , , , , , 
820,2-30-5,1, , , , , , , 
821,2-30-6,1, , , , , , , 
822,2-30-7,1, , , , , , , 
823,2-30-8,1, , , , , , , 
824,2-30-10,1, , , , , , , 
825,2-30-11,1, , , , , , , 
826,2-30-12,1, , , , , , , 
827,2-30-13,1, , , , , , , 
828,2-30-14,1, , , , , , , 
829,2-30-15,1, , , , , , , 
830,2-30-16,1, , , , , , , 
831,2-30-17,1, , , , , , , 
832,2-30-18,1, , , , , , , 
833,2-30-20,1, , , , , , , 
834,2-30-21,1, , , , , , , 
835,2-30-22,1, , , , , , , 
836,2-30-24,1, , , , , , , 
837,2-30-25,1, , , , , , , 
838,2-30-26,1, , , , , , , 
839,2-30-27,1, , , , , , , 
840,2-30-28,1, , , , , , , 
841,2-30-29,1, , , , , , , 
842,2-30-30,1, , , , , , , 
843,2-30-31,1, , , , , , , 
844,2-30-32,1, , , , , , , 
845,2-30-33,1, , , , , , , 
846,2-30-34,1, , , , , , , 
847,2-30-35,1, , , , , , , 
848,2-30-36,1, , , , , , , 
849,2-31-1,1, , , , , , , 
850,2-31-3,1, , , , , , , 
851,2-32-1,1, , , , , , , 
852,2-32-2,1, , , , , , , 
853,2-32-3,1, , , , , , , 
854,2-32-4,1, , , , , , , 
855,2-32-5,1, , , , , , , 
856,2-33-1,1, , , , , , , 
857,2-33-2,1, , , , , , , 
858,2-33-3,1, , , , , , , 
859,2-33-4,1, , , , , , , 
860,2-33-5,1, , , , , , , 
861,2-33-6,1, , , , , , , 
862,2-33-7,1, , , , , , , 
863,2-33-8,1, , , , , , , 
864,2-33-9,1, , , , , , , 
865,2-33-10,1, , , , , , , 
866,2-33-11,1, , , , , , , 
867,2-33-12,1, , , , , , , 
868,2-33-13,1, , , , , , , 
869,2-33-14,1, , , , , , , 
870,2-33-15,1, , , , , , , 
871,2-33-16,1, , , , , , , 
872,2-33-17,1, , , , , , , 
873,2-33-18,1, , , , , , , 
874,2-33-19,1, , , , , , , 
875,2-33-20,1, , , , , , , 
876,2-33-21,1, , , , , , , 
877,2-33-22,1, , , , , , , 
878,2-33-26,1, , , , , , , 
879,2-33-28,1, , , , , , , 
880,2-33-29,1, , , , , , , 
881,2-33-30,1, , , , , , , 
882,2-33-31,1, , , , , , , 
883,2-33-32,1, , , , , , , 
884,2-33-33,1,12239-2002 ,06/06/2006 ,2 JUZGADO PENAL LIMA ,USURPACIÓN DE FUNCIONES ,4 AÑOS LIBERTAD CONDICIONAL ,SUSPENDIDA ,PENA CUMPLIDA 
885,2-33-35,1, , , , , , , 
886,2-33-36,1, , , , , , , 
887,2-34-2,1, , , , , , , 
888,2-35-1,1, , , , , , , 
889,2-36-1,1, , , , , , , 
890,2-36-2,1, , , , , , , 
891,2-36-3,1, , , , , , , 
892,2-36-4,1, , , , , , , 
893,2-36-5,1, , , , , , , 
894,2-37-1,1, , , , , , , 
895,2-37-2,1, , , , , , , 
896,2-37-3,1, , , , , , , 
897,2-37-4,1, , , , , , , 
898,2-37-5,1, , , , , , , 
899,2-38-1,1, , , , , , , 
900,2-38-3,1, , , , , , , 
901,2-38-4,1, , , , , , , 
902,2-38-5,1, , , , , , , 
903,2-39-1,1, , , , , , , 
904,2-39-2,1, , , , , , , 
905,2-39-3,1, , , , , , , 
906,2-40-1,1, , , , , , , 
907,2-40-2,1, , , , , , , 
908,2-40-3,1, , , , , , , 
909,2-41-1,1,00313-2004-00401-JR-PE-08 ,03/10/2005 ,8VO JUZGADO PENAL - CORTE SUPERIOR DE JUZTICIA DE AREQUIPA ,VIOLENCIA Y RESISTENCIA A LA AUTORIDAD ,VIOLENCIA Y RESISTENCIA A LA AUTORIDAD ,RESERVA DE FALLO ,PENA CUMPLIDA 
910,2-41-1,2,00760-2009-1-0401-JR-PE-01 ,12/08/2009 ,PRIMER JUZGADO DE INVESTIGACIÓN ,PELIGRO COMÚN ,RESERVA DE FALLO ,RESERVA DE FALLO ,PENA CUMPLIDA 
911,2-41-2,1, , , , , , , 
912,2-41-3,1, , , , , , , 
913,2-41-4,1, , , , , , , 
914,2-41-5,1, , , , , , , 
915,2-41-6,1, , , , , , , 
916,2-42-1,1, , , , , , , 
917,2-42-2,1, , , , , , , 
918,2-42-3,1, , , , , , , 
919,2-43-1,1, , , , , , , 
920,2-43-2,1, , , , , , , 
921,2-43-3,1, , , , , , , 
922,2-43-4,1, , , , , , , 
923,2-43-5,1, , , , , , , 
924,2-44-1,1, , , , , , , 
925,2-44-2,1, , , , , , , 
926,2-45-1,1, , , , , , , 
927,2-45-2,1, , , , , , , 
928,2-46-1,1, , , , , , , 
929,2-46-2,1, , , , , , , 
930,2-46-3,1, , , , , , , 
931,2-46-4,1, , , , , , , 
932,2-46-5,1, , , , , , , 
933,2-47-1,1, , , , , , , 
934,2-47-2,1, , , , , , , 
935,2-47-3,1, , , , , , , 
936,2-47-4,1, , , , , , , 
937,2-48-1,1, , , , , , , 
938,2-48-2,1, , , , , , , 
939,2-48-3,1, , , , , , , 
940,2-48-4,1, , , , , , , 
941,2-48-5,1, , , , , , , 
942,2-49-1,1, , , , , , , 
943,2-49-3,1, , , , , , , 
944,2-49-4,1, , , , , , , 
945,2-49-5,1, , , , , , , 
946,2-49-6,1, , , , , , , 
947,2-50-1,1, , , , , , , 
948,2-50-2,1, , , , , , , 
949,2-50-4,1, , , , , , , 
950,2-50-5,1, , , , , , , 
951,2-51-1,1, , , , , , , 
952,2-51-2,1, , , , , , , 
953,2-51-3,1, , , , , , , 
954,2-51-5,1, , , , , , , 
955,2-51-6,1, , , , , , , 
956,2-51-7,1, , , , , , , 
957,2-52-1,1, , , , , , , 
958,2-52-2,1, , , , , , , 
959,2-52-3,1, , , , , , , 
960,2-52-4,1, , , , , , , 
961,2-52-5,1, , , , , , , 
962,2-52-7,1, , , , , , , 
963,2-53-1,1, , , , , , , 
964,2-53-2,1, , , , , , , 
965,2-53-3,1, , , , , , , 
966,2-53-4,1, , , , , , , 
967,2-55-1,1,1031-2008-0-0401-JR-PE-02 ,30/05/2011 ,AREQUIPA ,COLUSIÓN ,ABSUELTO ,OTRO ,ABSOLVIÓ 
968,2-55-2,1, , , , , , , 
969,2-55-3,1, , , , , , , 
970,2-55-4,1, , , , , , , 
971,2-55-5,1, , , , , , , 
972,2-56-1,1, , , , , , , 
973,2-56-2,1, , , , , , , 
974,2-56-3,1, , , , , , , 
975,2-56-4,1, , , , , , , 
976,2-56-5,1,20-2005 ,11/09/2008 ,CORTE SUPERIOR DE JUSTICIA DE LIMA - PRIMERA SALA PENAL PARA PROCESOS CON REOS EN CARCEL ,CONTRA LOS PODERES DEL ESTADO Y EL ORDEN CONSTITUCIONAL - REBELIÓN ,CINCO AÑOS DE PENA PRIVATIVA DE LA LIBERTAD ,EFECTIVA ,PENA CUMPLIDA 
977,2-57-1,1, , , , , , , 
978,2-57-2,1, , , , , , , 
979,2-57-3,1, , , , , , , 
980,2-58-1,1, , , , , , , 
981,2-58-3,1,0938-2008-0-0501-JR-PE-03 ,03/03/2011 ,3ER JUZGADO PENAL ,USURPACION ,ARCHIVAMIENTO DEFINITIVO ,OTRO ,ARCHIVAMIENTO 
982,2-59-1,1, , , , , , , 
983,2-59-2,1, , , , , , , 
984,2-59-3,1, , , , , , , 
985,2-60-1,1, , , , , , , 
986,2-60-2,1, , , , , , , 
987,2-60-3,1, , , , , , , 
988,2-61-1,1, , , , , , , 
989,2-61-2,1, , , , , , , 
990,2-61-4,1, , , , , , , 
991,2-62-2,1, , , , , , , 
992,2-62-3,1, , , , , , , 
993,2-62-4,1, , , , , , , 
994,2-62-5,1, , , , , , , 
995,2-63-1,1, , , , , , , 
996,2-63-2,1, , , , , , , 
997,2-63-3,1, , , , , , , 
998,2-63-5,1, , , , , , , 
999,2-64-2,1, , , , , , , 
1000,2-64-3,1, , , , , , , 
1001,2-65-3,1, , , , , , , 
1002,2-66-1,1, , , , , , , 
1003,2-66-2,1, , , , , , , 
1004,2-66-3,1, , , , , , , 
1005,2-67-1,1, , , , , , , 
1006,2-67-3,1, , , , , , , 
1007,2-68-1,1, , , , , , , 
1008,2-68-2,1, , , , , , , 
1009,2-68-3,1, , , , , , , 
1010,2-69-1,1, , , , , , , 
1011,2-69-2,1, , , , , , , 
1012,2-69-3,1, , , , , , , 
1013,2-70-1,1,00488-2015-03-3102-JR-PE-01 ,12/09/2019 ,PRIMER JUZGADO PENAL UNIPERSONAL DE SULLANA ,NEGOCIACIÓN INCOMPATIBLE ,CUATROS AÑOS DE PENA PRIVATIVA DE LA LIBERTAD SUSPENDIDA EN SU EJECUCIÓN ,SUSPENDIDA ,EN CUMPLIMIENTO 
1014,2-70-2,1, , , , , , , 
1015,2-70-3,1, , , , , , , 
1016,2-70-4,1, , , , , , , 
1017,2-70-7,1, , , , , , , 
1018,2-72-1,1, , , , , , , 
1019,2-72-2,1, , , , , , , 
1020,2-72-3,1, , , , , , , 
1021,2-72-4,1, , , , , , , 
1022,2-74-1,1,192-1991 ,21/09/1992 ,PRIMERA SALA PENAL DE AREQUIPA ,UTILIZACION DE TIERRAS CULTIVABLES CON FINES URBANOS ,UN AÑO DE PENA ,SUSPENDIDA ,PENA CUMPLIDA 
1023,2-74-3,1, , , , , , , 
1024,2-74-4,1, , , , , , , 
1025,2-74-5,1, , , , , , , 
1026,2-74-6,1, , , , , , , 
1027,2-75-1,1, , , , , , , 
1028,2-75-2,1, , , , , , , 
1029,2-75-3,1, , , , , , , 
1030,2-76-1,1, , , , , , , 
1031,2-76-3,1, , , , , , , 
1032,2-76-4,1,05489-2014-0-2001-JR-PE-06 ,10/10/2016 ,TERCER JUZGADO PENAL UNIPERSONAL DE PIURA ,DIFAMACION ,RESERVA DE FALLO POR UN AÑO ,RESERVA DE FALLO ,PENA CUMPLIDA 
1033,2-76-5,1, , , , , , , 
1034,2-76-6,1, , , , , , , 
1035,2-76-7,1, , , , , , , 
1036,2-77-1,1, , , , , , , 
1037,2-77-2,1, , , , , , , 
1038,2-77-3,1, , , , , , , 
1039,2-78-1,1, , , , , , , 
1040,2-78-2,1, , , , , , , 
1041,2-78-3,1, , , , , , , 
1042,2-79-1,1, , , , , , , 
1043,2-79-2,1, , , , , , , 
1044,2-79-3,1,213 - 1993 ,07/09/1994 ,PRIMER JUZGADO PENAL DE HUARAZ ,OMISIÓN A LA ASISTENCIA FAMILIAR ,PRIVATIVA DE LIBERTAD ,SUSPENDIDA ,PENA CUMPLIDA 
1045,2-79-4,1, , , , , , , 
1046,2-79-5,1,655 - 2013 ,01/08/2017 ,JUZGADO PENAL DE CARAZ HUAYLAS ,DIFAMACION ,UN AÑO DE PENA PRIVATIVA DE LIBERTADA SUSPENDIDA ,SUSPENDIDA ,PENA CUMPLIDA 
1047,2-79-5,2,257 - 2013 ,04/02/2014 ,JUZGADO PENAL DE CARAZ HUAYLAS ,DIFAMACION ,UN AÑO PENA PRIVATIVA DE LIBERTADAD ,SUSPENDIDA ,PENA CUMPLIDA 
1048,2-80-1,1, , , , , , , 
1049,2-80-2,1, , , , , , , 
1050,2-80-3,1, , , , , , , 
1051,2-80-4,1, , , , , , , 
1052,2-81-1,1, , , , , , , 
1053,2-81-4,1, , , , , , , 
1054,2-82-1,1, , , , , , , 
1055,2-82-2,1, , , , , , , 
1056,2-82-3,1, , , , , , , 
1057,2-82-4,1, , , , , , , 
1058,2-82-5,1, , , , , , , 
1059,2-82-7,1, , , , , , , 
1060,2-83-2,1, , , , , , , 
1061,2-83-3,1,497-2010 ,09/08/2011 ,PRIMER JUZGADO TRANSITORIO HUARAZ ,ABUSO DE AUTORIDAD ,UN AÑO SUSPENDIDA ,RESERVA DE FALLO ,PENA CUMPLIDA 
1062,2-83-3,2,209-2011 ,18/07/2013 ,JUZGADO MIXTO DE RECUAY ,DESOBEDIENCIA Y RESISTENCIA A LA UTORIDAD ,UN AÑO DE PENA SUSPENDIDA ,SUSPENDIDA ,PENA CUMPLIDA 
1063,2-83-3,3,2616-2009 ,11/08/2011 ,PRIMER JUZGADO TRANSITORIO DE HUARAZ ,DEMORA DE ACTOS FUNCIONALES ,UN AÑO DE PENA SUSPENDIDA ,SUSPENDIDA ,PENA CUMPLIDA 
1064,2-83-3,4,1381-2011 ,28/09/2012 ,PRIMER JUZGADO LIQUIDADOR TRANSITORIO DE HUARAZ ,INCUMPLIMIENTO DE DEBERES FUNCIONALES ,UN AÑO DE PENA SUSPENDIDA ,SUSPENDIDA ,PENA CUMPLIDA 
1065,2-83-4,1,245-2004 ,15/04/2005 ,JUZGADO TRANSITORIO NUEVO CHIMBOTE ,TENENCIA ILEGAL DE ARMA ,UN AÑO DE PENA SUSPENDIDA ,SUSPENDIDA ,PENA CUMPLIDA 
1066,2-84-1,1, , , , , , , 
1067,2-84-2,1, , , , , , , 
1068,2-84-3,1, , , , , , , 
1069,2-85-1,1, , , , , , , 
1070,2-85-2,1, , , , , , , 
1071,2-85-3,1, , , , , , , 
1072,2-85-4,1, , , , , , , 
1073,2-85-5,1, , , , , , , 
1074,2-85-6,1, , , , , , , 
1075,2-85-7,1, , , , , , , 
1076,2-86-1,1, , , , , , , 
1077,2-86-3,1, , , , , , , 
1078,2-86-4,1, , , , , , , 
1079,2-86-5,1, , , , , , , 
1080,2-87-1,1, , , , , , , 
1081,2-87-2,1, , , , , , , 
1082,2-87-3,1, , , , , , , 
1083,2-88-2,1, , , , , , , 
1084,2-88-3,1, , , , , , , 
1085,2-89-1,1, , , , , , , 
1086,2-89-2,1, , , , , , , 
1087,2-89-3,1, , , , , , , 
1088,2-89-4,1, , , , , , , 
1089,2-90-1,1, , , , , , , 
1090,2-90-4,1, , , , , , , 
1091,2-91-1,1, , , , , , , 
1092,2-91-2,1, , , , , , , 
1093,2-91-3,1, , , , , , , 
1094,2-91-4,1, , , , , , , 
1095,2-91-5,1, , , , , , , 
1096,2-91-6,1, , , , , , , 
1097,2-91-7,1, , , , , , , 
1098,2-91-8,1, , , , , , , 
1099,2-91-9,1, , , , , , , 
1100,2-91-10,1, , , , , , , 
1101,2-91-11,1, , , , , , , 
1102,2-91-12,1, , , , , , , 
1103,2-91-13,1, , , , , , , 
1104,2-91-14,1, , , , , , , 
1105,2-91-15,1, , , , , , , 
1106,2-91-16,1, , , , , , , 
1107,2-91-17,1, , , , , , , 
1108,2-91-18,1, , , , , , , 
1109,2-91-19,1, , , , , , , 
1110,2-91-20,1, , , , , , , 
1111,2-91-21,1, , , , , , , 
1112,2-91-22,1, , , , , , , 
1113,2-91-23,1, , , , , , , 
1114,2-91-24,1, , , , , , , 
1115,2-91-25,1, , , , , , , 
1116,2-91-26,1, , , , , , , 
1117,2-91-27,1, , , , , , , 
1118,2-91-28,1, , , , , , , 
1119,2-91-29,1, , , , , , , 
1120,2-91-30,1, , , , , , , 
1121,2-91-31,1, , , , , , , 
1122,2-91-32,1, , , , , , , 
1123,2-91-33,1, , , , , , , 
1124,2-91-34,1, , , , , , , 
1125,2-91-35,1, , , , , , , 
1126,2-91-36,1, , , , , , , 
1127,2-92-1,1, , , , , , , 
1128,2-92-2,1, , , , , , , 
1129,2-92-3,1, , , , , , , 
1130,2-93-1,1, , , , , , , 
1131,2-93-2,1, , , , , , , 
1132,2-93-3,1, , , , , , , 
1133,2-93-4,1, , , , , , , 
1134,2-93-5,1, , , , , , , 
1135,2-94-1,1, , , , , , , 
1136,2-94-2,1, , , , , , , 
1137,2-94-4,1, , , , , , , 
1138,2-95-1,1, , , , , , , 
1139,2-95-3,1, , , , , , , 
1140,2-95-4,1, , , , , , , 
1141,2-96-1,1, , , , , , , 
1142,2-96-2,1, , , , , , , 
1143,2-96-3,1, , , , , , , 
1144,2-97-2,1, , , , , , , 
1145,2-97-3,1, , , , , , , 
1146,2-97-4,1, , , , , , , 
1147,2-98-2,1,433-2011 ,18/01/2013 ,MÓDULO DE JUSTICIA DE HUANTA ,OMISIÓN ASISTENCIA FAMILIAR ,DOS AÑOS ,SUSPENDIDA ,PENA CUMPLIDA 
1148,2-98-2,2,149-2012 ,06/06/2012 ,MÓDULO DE JUSTICIA DE HUANTA ,OMISIÓN ASISTENCIA FAMILIAR ,UN AÑO ,RESERVA DE FALLO ,PENA CUMPLIDA 
1149,2-98-2,3,365-2004 ,10/10/2005 ,MÓDULO DE JUSTICIA DE HUANTA ,OMISIÓN ASISTENCIA FAMILIAR ,UN AÑO ,SUSPENDIDA ,PENA CUMPLIDA 
1150,2-98-3,1, , , , , , , 
1151,2-99-2,1, , , , , , , 
1152,2-99-3,1, , , , , , , 
1153,2-99-5,1, , , , , , , 
1154,2-99-6,1, , , , , , , 
1155,2-100-1,1, , , , , , , 
1156,2-100-2,1, , , , , , , 
1157,2-100-3,1, , , , , , , 
1158,2-100-4,1, , , , , , , 
1159,2-101-1,1, , , , , , , 
1160,2-101-2,1, , , , , , , 
1161,2-101-3,1, , , , , , , 
1162,2-102-1,1, , , , , , , 
1163,2-102-2,1, , , , , , , 
1164,2-102-3,1, , , , , , , 
1165,2-102-4,1, , , , , , , 
1166,2-104-1,1, , , , , , , 
1167,2-104-2,1, , , , , , , 
1168,2-104-3,1, , , , , , , 
1169,2-104-4,1, , , , , , , 
1170,2-104-5,1, , , , , , , 
1171,2-105-1,1, , , , , , , 
1172,2-105-2,1, , , , , , , 
1173,2-105-3,1, , , , , , , 
1174,2-106-2,1, , , , , , , 
1175,2-106-3,1,837-2011-78-0601-JRPE01 ,03/08/2012 ,QUINTO JUZGADO UNIPERSONAL DE CAJAMARCA ,GIRO DE QUECHE FRAUDULENTO ,1 AÑO Y 27 DÍAS SUSPENDIDA ,SUSPENDIDA ,PENA CUMPLIDA 
1176,2-107-2,1,00087-2015-58-1201-JR-PE-01 ,04/10/2017 ,CUARTO JUZGADO PENAL UNIPERSONAL DE LA CORTE SUPERIOR DE JUSTICIA DE HUANUCO ,FALSA DECLARACIÓN EN PROCEDIMIENTO ADMINISTRATIVO ,"DOS AÑOS DE PENA PRIVATIVA DE LIBERTAD SUSPENDIDA E INHABILITACIÓN: LA MISMA FUE DECLARADA NULA MEDIANTE SENTENCIA EN PROCESO CONSTITUCIONAL DE HABEAS CORPUS, DE FECHA 09 DE MAYO DE 2018 ",SUSPENDIDA ,PENA CUMPLIDA 
1177,2-108-1,1, , , , , , , 
1178,2-108-2,1, , , , , , , 
1179,2-108-3,1, , , , , , , 
1180,2-108-4,1, , , , , , , 
1181,2-109-1,1, , , , , , , 
1182,2-109-2,1, , , , , , , 
1183,2-109-3,1,86-2016-89-1103-JR-PE-01 ,31/10/2017 ,INVESTIGACIÓN PREPARATORIA DE ANGARAES ,DAÑO AGRAVADO ,TERMINACIÓN ANTICIPADA ,SUSPENDIDA ,PENA CUMPLIDA 
1184,2-110-1,1, , , , , , , 
1185,2-110-2,1, , , , , , , 
1186,2-110-3,1, , , , , , , 
1187,2-111-1,1, , , , , , , 
1188,2-111-2,1, , , , , , , 
1189,2-111-3,1, , , , , , , 
1190,2-111-4,1, , , , , , , 
1191,2-112-1,1, , , , , , , 
1192,2-112-2,1, , , , , , , 
1193,2-112-3,1, , , , , , , 
1194,2-112-4,1, , , , , , , 
1195,2-112-6,1, , , , , , , 
1196,2-113-1,1, , , , , , , 
1197,2-113-2,1, , , , , , , 
1198,2-113-3,1, , , , , , , 
1199,2-114-1,1, , , , , , , 
1200,2-114-2,1, , , , , , , 
1201,2-114-3,1, , , , , , , 
1202,2-114-4,1, , , , , , , 
1203,2-114-5,1, , , , , , , 
1204,2-114-6,1, , , , , , , 
1205,2-115-2,1, , , , , , , 
1206,2-115-3,1, , , , , , , 
1207,2-115-4,1, , , , , , , 
1208,2-115-5,1, , , , , , , 
1209,2-115-6,1, , , , , , , 
1210,2-115-7,1, , , , , , , 
1211,2-115-8,1, , , , , , , 
1212,2-115-9,1, , , , , , , 
1213,2-115-10,1, , , , , , , 
1214,2-115-11,1, , , , , , , 
1215,2-115-12,1, , , , , , , 
1216,2-115-13,1,839-2018 ,28/06/2019 ,MINISTERIO PUBLICO ,FALSA DECLARACION ,ARCHIVO DEFINITIVO ,OTRO ,ARCHIVO DEFINITIVO 
1217,2-115-13,2,11-2006 ,25/03/2008 ,4TA SALA PENAL ,DIFAMACION ,ARCHIVO DEFINITIVO ,SUSPENDIDA ,PENA CUMPLIDA 
1218,2-115-14,1, , , , , , , 
1219,2-115-15,1, , , , , , , 
1220,2-115-16,1, , , , , , , 
1221,2-115-17,1, , , , , , , 
1222,2-115-18,1, , , , , , , 
1223,2-115-19,1, , , , , , , 
1224,2-115-21,1, , , , , , , 
1225,2-115-22,1, , , , , , , 
1226,2-115-23,1, , , , , , , 
1227,2-115-24,1, , , , , , , 
1228,2-115-25,1, , , , , , , 
1229,2-115-26,1, , , , , , , 
1230,2-115-27,1, , , , , , , 
1231,2-115-28,1, , , , , , , 
1232,2-115-30,1, , , , , , , 
1233,2-115-32,1, , , , , , , 
1234,2-115-35,1, , , , , , , 
1235,2-115-36,1, , , , , , , 
1236,2-116-1,1, , , , , , , 
1237,2-116-2,1, , , , , , , 
1238,2-116-3,1, , , , , , , 
1239,2-117-1,1, , , , , , , 
1240,2-117-2,1, , , , , , , 
1241,2-117-3,1, , , , , , , 
1242,2-118-3,1, , , , , , , 
1243,2-119-3,1, , , , , , , 
1244,2-120-1,1, , , , , , , 
1245,2-120-2,1, , , , , , , 
1246,2-120-3,1,4237-2015 ,29/07/2015 ,JUZGADO PENAL UNI PEDREGAL ,LESIONES LEVES ART 122 ,PRIVATIVA DE LA LIBERTAD CONDICIONAL ,SUSPENDIDA ,PENA CUMPLIDA 
1247,2-120-4,1, , , , , , , 
1248,2-120-5,1, , , , , , , 
1249,2-120-6,1, , , , , , , 
1250,2-121-1,1, , , , , , , 
1251,2-121-2,1, , , , , , , 
1252,2-122-1,1, , , , , , , 
1253,2-122-2,1, , , , , , , 
1254,2-122-3,1, , , , , , , 
1255,2-123-1,1, , , , , , , 
1256,2-123-2,1, , , , , , , 
1257,2-123-3,1, , , , , , , 
1258,2-123-4,1, , , , , , , 
1259,2-124-2,1, , , , , , , 
1260,2-125-1,1, , , , , , , 
1261,2-125-2,1, , , , , , , 
1262,2-125-3,1, , , , , , , 
1263,2-126-2,1,2658-2019-0-0401-JR-PE-02 ,07/11/2019 ,2DO JUZGADO UNIPERSONAL DE CERRO COLORADO ,OMISION A LA ASISTENCIA FAMILIAR ,ELEVADA A FALLO POR UN AÑO ,RESERVA DE FALLO ,EN CUMPLIMIENTO 
1264,2-126-3,1, , , , , , , 
1265,2-126-5,1, , , , , , , 
1266,2-126-6,1, , , , , , , 
1267,2-127-2,1, , , , , , , 
1268,2-127-3,1, , , , , , , 
1269,2-128-1,1,FAMILIA/ALIMENTARIA ,30/07/2015 ,JUZGADO DE PAZ LETRADO TRANSITORIO-CEDE TAMBOPATA ,PENSION ALIMENTARIA ,"DECLARAR CONSENTIDA LA RESOLUCIÓN 15 DE FECHA 30 DE JUNIO DEL AÑO 2015, SE DECLARA FUNDAD LA DEMANDA INTERPUESTA ",OTRO ,ALIMENTARIA 
1270,2-128-2,1,00211-2013-11-2701-JR-PE-02 ,05/05/2013 ,CORTE SUPERIOR DE JUSTICIA DE MADRE DE DIOS ,LESIONES ,4 AÑOS DE PRISIÓN SUSPENDIDA ,SUSPENDIDA ,PENA CUMPLIDA 
1271,2-128-3,1, , , , , , , 
1272,2-129-1,1, , , , , , , 
1273,2-129-2,1, , , , , , , 
1274,2-129-3,1, , , , , , , 
1275,2-129-5,1, , , , , , , 
1276,2-129-6,1, , , , , , , 
1277,2-130-1,1, , , , , , , 
1278,2-130-2,1, , , , , , , 
1279,2-130-3,1, , , , , , , 
1280,2-130-4,1, , , , , , , 
1281,2-130-5,1, , , , , , , 
1282,2-130-6,1, , , , , , , 
1283,2-131-2,1, , , , , , , 
1284,2-131-3,1, , , , , , , 
1285,2-131-4,1, , , , , , , 
1286,2-131-5,1, , , , , , , 
1287,2-131-6,1, , , , , , , 
1288,2-132-1,1, , , , , , , 
1289,2-132-2,1, , , , , , , 
1290,2-133-3,1, , , , , , , 
1291,2-133-4,1, , , , , , , 
1292,2-134-1,1, , , , , , , 
1293,2-135-1,1, , , , , , , 
1294,2-135-2,1, , , , , , , 
1295,2-135-3,1, , , , , , , 
1296,2-136-1,1, , , , , , , 
1297,2-136-2,1, , , , , , , 
1298,2-136-3,1, , , , , , , 
1299,2-136-4,1,07417-1999-0-1601-JR-PE-06 ,31/12/1999 ,TERCERA SALA PENAL ,ABUSO DE AUTORIDAD ,ARCHIVO ,SUSPENDIDA ,PENA CUMPLIDA 
1300,2-136-5,1, , , , , , , 
1301,2-136-7,1, , , , , , , 
1302,2-137-1,1, , , , , , , 
1303,2-137-3,1, , , , , , , 
1304,2-138-1,1, , , , , , , 
1305,2-138-2,1, , , , , , , 
1306,2-138-3,1, , , , , , , 
1307,2-139-1,1, , , , , , , 
1308,2-139-2,1, , , , , , , 
1309,2-139-4,1, , , , , , , 
1310,2-140-1,1,330-07-0-SP ,28/01/2008 ,SALA NACIONAL SUPERIOR ,DEFRAUDACION TRIBUTARIA ,CUATRO AÑOS DE PENA SUSPENDIDA CONDICIONAL ,SUSPENDIDA ,PENA CUMPLIDA 
1311,2-140-1,2,00581-2012-63-1401-JR-PE-03 ,20/10/2014 ,TERCER JUZGADO DE INV. PREPARATORIA ,ESTAFA GENERICA ,PAGO DE DEVOLUCION DE DINERO ,SUSPENDIDA ,PENA CUMPLIDA 
1312,2-140-2,1, , , , , , , 
1313,2-140-3,1, , , , , , , 
1314,2-140-4,1, , , , , , , 
1315,2-141-1,1,353-2016 ,24/06/1988 ,JUZGADO PENAL DE LAMBAYEQUE ,LESIONES ,CONDENATORIA ,OTRO ,CONDICIONAL 
1316,2-141-1,2,1580-2003 ,02/11/2005 ,JUZGADO PENAL DE LAMBAYEQUE ,DIFAMACIÓN ,CONDENATORIA ,OTRO ,SUSPENDIDA 
1317,2-141-3,1,4317-2009 ,17/06/2016 ,PODER JUDICIAL ,PECULADO DOLOSO ,ABSUELTO CONSENTIDA ,OTRO ,CONSENTIDA 
1318,2-141-4,1, , , , , , , 
1319,2-142-1,1, , , , , , , 
1320,2-142-2,1, , , , , , , 
1321,2-142-3,1, , , , , , , 
1322,2-143-1,1,94-2015 ,15/03/2018 ,PRIMER JUZGADO PENAL LIQUIDADOR ,USURPACIÓN AGRABADA ,3 AÑOE ,SUSPENDIDA ,EN CUMPLIMIENTO 
1323,2-143-3,1, , , , , , , 
1324,2-145-1,1, , , , , , , 
1325,2-145-2,1, , , , , , , 
1326,2-145-3,1, , , , , , , 
1327,2-145-4,1, , , , , , , 
1328,2-145-5,1, , , , , , , 
1329,2-145-6,1, , , , , , , 
1330,2-146-1,1, , , , , , , 
1331,2-146-2,1, , , , , , , 
1332,2-146-3,1, , , , , , , 
1333,2-146-4,1, , , , , , , 
1334,2-146-5,1, , , , , , , 
1335,2-147-1,1, , , , , , , 
1336,2-147-2,1, , , , , , , 
1337,2-147-3,1, , , , , , , 
1338,2-148-2,1, , , , , , , 
1339,2-148-5,1, , , , , , , 
1340,2-149-1,1, , , , , , , 
1341,2-149-2,1, , , , , , , 
1342,2-149-3,1, , , , , , , 
1343,2-149-4,1, , , , , , , 
1344,2-149-5,1, , , , , , , 
1345,2-149-6,1, , , , , , , 
1346,2-150-1,1, , , , , , , 
1347,2-150-2,1, , , , , , , 
1348,2-150-3,1, , , , , , , 
1349,2-150-4,1, , , , , , , 
1350,2-150-5,1, , , , , , , 
1351,3-1-1,1, , , , , , , 
1352,3-1-2,1, , , , , , , 
1353,3-1-3,1, , , , , , , 
1354,3-1-5,1, , , , , , , 
1355,3-2-1,1, , , , , , , 
1356,3-2-2,1,0081-1982 ,22/07/1983 ,CORTE SUPERIOR DE HUARAZ ,ESTAFA GENERICA ,6 MESES ,SUSPENDIDA ,PENA CUMPLIDA 
1357,3-2-3,1, , , , , , , 
1358,3-2-4,1, , , , , , , 
1359,3-2-5,1, , , , , , , 
1360,3-3-4,1, , , , , , , 
1361,3-4-1,1, , , , , , , 
1362,3-4-3,1, , , , , , , 
1363,3-4-5,1, , , , , , , 
1364,3-5-1,1, , , , , , , 
1365,3-5-2,1,601-2012 ,24/11/2015 ,CUARTO JUZGADO PENAL LIQUIDADOR DE MAYNAS ,FALSIFICACION DE DOCUMENTOS ,03 AÑOS DE PENA PRIVATIVA DE LA LIBERTAD ,SUSPENDIDA ,PENA CUMPLIDA 
1366,3-5-2,2,893-2014 ,04/11/2014 ,SEGUNDO JUZGADO DE INVESTIGACION PREPARATORIA DE MAYNAS ,FALSEDAD IDEOLOGICA ,02 AÑOS DE PENA PRIVATIVA DE LA LIBERTAD ,SUSPENDIDA ,PENA CUMPLIDA 
1367,3-5-3,1, , , , , , , 
1368,3-5-4,1, , , , , , , 
1369,3-6-2,1, , , , , , , 
1370,3-6-3,1, , , , , , , 
1371,3-6-4,1, , , , , , , 
1372,3-6-5,1, , , , , , , 
1373,3-7-1,1, , , , , , , 
1374,3-7-2,1, , , , , , , 
1375,3-7-3,1, , , , , , , 
1376,3-8-3,1, , , , , , , 
1377,3-9-1,1, , , , , , , 
1378,3-9-2,1, , , , , , , 
1379,3-9-3,1, , , , , , , 
1380,3-9-4,1, , , , , , , 
1381,3-9-5,1, , , , , , , 
1382,3-9-6,1, , , , , , , 
1383,3-10-1,1, , , , , , , 
1384,3-10-2,1, , , , , , , 
1385,3-10-3,1, , , , , , , 
1386,3-10-4,1, , , , , , , 
1387,3-11-1,1, , , , , , , 
1388,3-11-2,1, , , , , , , 
1389,3-11-3,1, , , , , , , 
1390,3-11-4,1, , , , , , , 
1391,3-11-5,1, , , , , , , 
1392,3-11-6,1, , , , , , , 
1393,3-11-7,1, , , , , , , 
1394,3-11-8,1, , , , , , , 
1395,3-11-9,1, , , , , , , 
1396,3-11-11,1, , , , , , , 
1397,3-11-12,1, , , , , , , 
1398,3-11-13,1, , , , , , , 
1399,3-11-14,1, , , , , , , 
1400,3-11-15,1, , , , , , , 
1401,3-11-16,1, , , , , , , 
1402,3-11-17,1, , , , , , , 
1403,3-11-18,1, , , , , , , 
1404,3-11-19,1, , , , , , , 
1405,3-11-20,1, , , , , , , 
1406,3-11-21,1, , , , , , , 
1407,3-11-22,1, , , , , , , 
1408,3-11-23,1, , , , , , , 
1409,3-11-24,1, , , , , , , 
1410,3-11-26,1, , , , , , , 
1411,3-11-27,1, , , , , , , 
1412,3-11-28,1, , , , , , , 
1413,3-11-29,1, , , , , , , 
1414,3-11-30,1, , , , , , , 
1415,3-11-31,1, , , , , , , 
1416,3-11-32,1, , , , , , , 
1417,3-11-33,1, , , , , , , 
1418,3-11-34,1, , , , , , , 
1419,3-11-35,1, , , , , , , 
1420,3-11-36,1, , , , , , , 
1421,3-12-1,1, , , , , , , 
1422,3-12-2,1, , , , , , , 
1423,3-12-3,1, , , , , , , 
1424,3-13-2,1, , , , , , , 
1425,3-13-3,1, , , , , , , 
1426,3-13-4,1, , , , , , , 
1427,3-13-5,1, , , , , , , 
1428,3-14-1,1, , , , , , , 
1429,3-14-2,1, , , , , , , 
1430,3-14-3,1, , , , , , , 
1431,3-15-1,1, , , , , , , 
1432,3-15-2,1, , , , , , , 
1433,3-15-3,1, , , , , , , 
1434,3-15-4,1, , , , , , , 
1435,3-15-5,1, , , , , , , 
1436,3-16-3,1, , , , , , , 
1437,3-16-4,1, , , , , , , 
1438,3-16-5,1, , , , , , , 
1439,3-16-6,1, , , , , , , 
1440,3-17-2,1, , , , , , , 
1441,3-17-3,1, , , , , , , 
1442,3-18-1,1, , , , , , , 
1443,3-18-2,1, , , , , , , 
1444,3-18-3,1, , , , , , , 
1445,3-18-4,1, , , , , , , 
1446,3-18-5,1, , , , , , , 
1447,3-18-6,1, , , , , , , 
1448,3-18-7,1, , , , , , , 
1449,3-19-1,1, , , , , , , 
1450,3-19-2,1, , , , , , , 
1451,3-19-3,1, , , , , , , 
1452,3-19-4,1, , , , , , , 
1453,3-20-1,1, , , , , , , 
1454,3-20-2,1, , , , , , , 
1455,3-20-3,1, , , , , , , 
1456,3-20-4,1, , , , , , , 
1457,3-20-5,1, , , , , , , 
1458,3-21-1,1,444-2015-0-0501-JR-PE05 ,29/08/2018 ,2° JUZGADO PENAL LIQ. DE HUAMANGA ,USURPACION AGRAVADA ART. 204 ,"CONDENA 2 AÑOS, SUSPENDIDA O1 AÑO ",SUSPENDIDA ,EN CUMPLIMIENTO 
1459,3-21-2,1, , , , , , , 
1460,3-21-3,1, , , , , , , 
1461,3-22-1,1, , , , , , , 
1462,3-22-2,1, , , , , , , 
1463,3-22-3,1, , , , , , , 
1464,3-23-1,1,0059-2014-036 ,17/05/2005 ,2DO JUZGADO PENAL DE HUANCAYO ,FALSEDAD GENÉRICA O SUBSIDIARIA ,02 AÑOS DE PENA PRIVATIVA DE LIBERTAD ,SUSPENDIDA ,PENA CUMPLIDA 
1465,3-23-3,1, , , , , , , 
1466,3-24-1,1, , , , , , , 
1467,3-24-3,1, , , , , , , 
1468,3-24-5,1, , , , , , , 
1469,3-25-1,1, , , , , , , 
1470,3-25-2,1, , , , , , , 
1471,3-25-3,1, , , , , , , 
1472,3-25-4,1, , , , , , , 
1473,3-25-5,1, , , , , , , 
1474,3-25-6,1, , , , , , , 
1475,3-25-7,1, , , , , , , 
1476,3-26-1,1, , , , , , , 
1477,3-26-2,1, , , , , , , 
1478,3-26-3,1, , , , , , , 
1479,3-26-4,1, , , , , , , 
1480,3-27-1,1, , , , , , , 
1481,3-27-2,1, , , , , , , 
1482,3-27-3,1, , , , , , , 
1483,3-28-1,1, , , , , , , 
1484,3-28-2,1, , , , , , , 
1485,3-28-3,1, , , , , , , 
1486,3-28-4,1, , , , , , , 
1487,3-29-1,1,PROCESO PENAL N° 2006-00354-0-2701-JR-PE-1 ,24/10/2008 ,JUZGADO PENAL - CORTE SUPERIOR DE JUSTICIA MADRE DE DIOS ,USURPACIÓN AGRAVADA ,DOS AÑOS DE PENA PRIVATIVA DE LIBERTAD SUSPENDIDA ,SUSPENDIDA ,PENA CUMPLIDA 
1488,3-29-2,1, , , , , , , 
1489,3-29-3,1, , , , , , , 
1490,3-30-1,1, , , , , , , 
1491,3-30-2,1, , , , , , , 
1492,3-30-3,1, , , , , , , 
1493,3-30-4,1, , , , , , , 
1494,3-30-5,1, , , , , , , 
1495,3-30-6,1, , , , , , , 
1496,3-30-7,1, , , , , , , 
1497,3-30-8,1, , , , , , , 
1498,3-30-9,1, , , , , , , 
1499,3-30-10,1, , , , , , , 
1500,3-30-11,1, , , , , , , 
1501,3-30-12,1, , , , , , , 
1502,3-30-13,1, , , , , , , 
1503,3-30-14,1, , , , , , , 
1504,3-30-15,1,18899 - 2002 (611-02) ,22/09/2004 ,22 JUZGADO PENAL DE LIMA ,FALSEDAD ,DOS AÑOS SUSPENDIDA ,SUSPENDIDA ,PENA CUMPLIDA 
1505,3-30-15,2,0347 - 2010 ,19/01/2011 ,OCTAVO JUZGADO DEL CALLAO ,CONTRA EL HONOR - DIFAMACION ,RESERVA DEL FALLO 1 AÑO ,RESERVA DE FALLO ,PENA CUMPLIDA 
1506,3-30-16,1, , , , , , , 
1507,3-30-18,1, , , , , , , 
1508,3-30-19,1, , , , , , , 
1509,3-30-20,1, , , , , , , 
1510,3-30-21,1, , , , , , , 
1511,3-30-22,1, , , , , , , 
1512,3-30-23,1, , , , , , , 
1513,3-30-24,1, , , , , , , 
1514,3-30-25,1, , , , , , , 
1515,3-30-26,1, , , , , , , 
1516,3-30-27,1, , , , , , , 
1517,3-30-28,1, , , , , , , 
1518,3-30-29,1, , , , , , , 
1519,3-30-30,1, , , , , , , 
1520,3-30-31,1, , , , , , , 
1521,3-30-33,1, , , , , , , 
1522,3-30-34,1, , , , , , , 
1523,3-30-35,1, , , , , , , 
1524,3-30-36,1, , , , , , , 
1525,3-31-1,1,3796 ,01/01/1998 ,PRIMER JUZGADO PENAL DE MOYOBAMBA ,CONTRA EL PATRIMONIO Y/O ESTAFA ,2 AÑOS DE PENA PRIVATIVA DE LIBERTAD ,SUSPENDIDA ,PENA CUMPLIDA 
1526,3-31-2,1, , , , , , , 
1527,3-31-3,1, , , , , , , 
1528,3-32-1,1, , , , , , , 
1529,3-32-2,1, , , , , , , 
1530,3-32-3,1, , , , , , , 
1531,3-32-4,1, , , , , , , 
1532,3-33-1,1, , , , , , , 
1533,3-33-3,1, , , , , , , 
1534,3-34-1,1, , , , , , , 
1535,3-34-2,1, , , , , , , 
1536,3-34-3,1, , , , , , , 
1537,3-35-1,1, , , , , , , 
1538,3-35-2,1, , , , , , , 
1539,3-35-3,1, , , , , , , 
1540,3-36-1,1, , , , , , , 
1541,3-37-1,1, , , , , , , 
1542,3-37-2,1,1806134502-2010-374-0 ,17/06/2010 ,02° FISCALIA PROVINCIAL PENAL QUISPICANCHI - NCPP ,V.R.A. (ATENT.C/ACTOS DE FUNCIÓN) ,3 AÑOS ,SUSPENDIDA ,PENA CUMPLIDA 
1543,3-37-3,1, , , , , , , 
1544,3-37-5,1, , , , , , , 
1545,3-38-1,1, , , , , , , 
1546,3-38-2,1, , , , , , , 
1547,3-38-3,1, , , , , , , 
1548,3-38-4,1, , , , , , , 
1549,3-38-5,1, , , , , , , 
1550,3-39-1,1, , , , , , , 
1551,3-39-2,1, , , , , , , 
1552,3-39-3,1, , , , , , , 
1553,3-39-4,1, , , , , , , 
1554,3-39-5,1, , , , , , , 
1555,3-39-6,1, , , , , , , 
1556,3-39-7,1, , , , , , , 
1557,3-40-1,1, , , , , , , 
1558,3-40-2,1,00060-2011-00301-JR-PE-03 ,23/12/2014 ,3 ER JUZGADO PENAL CEDE CENTRAL ,USO DE DOCUMENTOS FALSOS ,CUATRO AÑOS DE PENA SUSPENDIDA ,SUSPENDIDA ,PENA CUMPLIDA 
1559,3-40-3,1, , , , , , , 
1560,3-41-1,1, , , , , , , 
1561,3-41-2,1, , , , , , , 
1562,3-41-3,1, , , , , , , 
1563,3-41-5,1, , , , , , , 
1564,3-42-1,1, , , , , , , 
1565,3-42-2,1, , , , , , , 
1566,3-42-3,1, , , , , , , 
1567,3-42-4,1, , , , , , , 
1568,3-42-5,1, , , , , , , 
1569,3-42-6,1, , , , , , , 
1570,3-42-8,1, , , , , , , 
1571,3-42-9,1, , , , , , , 
1572,3-42-10,1, , , , , , , 
1573,3-42-11,1, , , , , , , 
1574,3-42-12,1, , , , , , , 
1575,3-42-13,1, , , , , , , 
1576,3-42-14,1, , , , , , , 
1577,3-42-15,1, , , , , , , 
1578,3-42-16,1, , , , , , , 
1579,3-42-17,1, , , , , , , 
1580,3-42-18,1, , , , , , , 
1581,3-42-19,1, , , , , , , 
1582,3-42-20,1, , , , , , , 
1583,3-42-21,1, , , , , , , 
1584,3-42-22,1, , , , , , , 
1585,3-42-23,1, , , , , , , 
1586,3-42-24,1, , , , , , , 
1587,3-42-25,1, , , , , , , 
1588,3-42-26,1, , , , , , , 
1589,3-42-27,1, , , , , , , 
1590,3-42-28,1, , , , , , , 
1591,3-42-29,1, , , , , , , 
1592,3-42-31,1, , , , , , , 
1593,3-42-32,1, , , , , , , 
1594,3-42-34,1, , , , , , , 
1595,3-42-35,1, , , , , , , 
1596,3-42-36,1, , , , , , , 
1597,3-43-1,1, , , , , , , 
1598,3-43-2,1, , , , , , , 
1599,3-43-3,1, , , , , , , 
1600,3-43-5,1, , , , , , , 
1601,3-44-1,1, , , , , , , 
1602,3-44-2,1, , , , , , , 
1603,3-44-3,1, , , , , , , 
1604,3-45-1,1,97-444 ,28/01/2009 ,42 JPL ,LIBRAMIENTO INDEBIDO ,1 AÑO ,SUSPENDIDA ,PENA CUMPLIDA 
1605,3-45-2,1, , , , , , , 
1606,3-45-3,1, , , , , , , 
1607,3-45-4,1, , , , , , , 
1608,3-46-1,1, , , , , , , 
1609,3-46-2,1, , , , , , , 
1610,3-46-3,1, , , , , , , 
1611,3-47-1,1, , , , , , , 
1612,3-47-2,1, , , , , , , 
1613,3-47-3,1, , , , , , , 
1614,3-47-4,1, , , , , , , 
1615,3-47-11,1, , , , , , , 
1616,3-47-12,1, , , , , , , 
1617,3-47-15,1, , , , , , , 
1618,3-47-16,1, , , , , , , 
1619,3-47-17,1, , , , , , , 
1620,3-47-18,1, , , , , , , 
1621,3-47-20,1, , , , , , , 
1622,3-47-21,1, , , , , , , 
1623,3-47-23,1, , , , , , , 
1624,3-47-24,1, , , , , , , 
1625,3-47-27,1, , , , , , , 
1626,3-47-28,1, , , , , , , 
1627,3-47-30,1, , , , , , , 
1628,3-47-33,1, , , , , , , 
1629,3-47-34,1, , , , , , , 
1630,3-47-36,1, , , , , , , 
1631,3-48-1,1, , , , , , , 
1632,3-48-2,1, , , , , , , 
1633,3-48-3,1, , , , , , , 
1634,3-49-2,1, , , , , , , 
1635,3-49-3,1, , , , , , , 
1636,3-49-4,1, , , , , , , 
1637,3-50-1,1, , , , , , , 
1638,3-50-2,1, , , , , , , 
1639,3-50-3,1, , , , , , , 
1640,3-51-1,1, , , , , , , 
1641,3-51-3,1, , , , , , , 
1642,3-52-1,1, , , , , , , 
1643,3-52-2,1, , , , , , , 
1644,3-52-3,1, , , , , , , 
1645,3-53-1,1, , , , , , , 
1646,3-53-2,1, , , , , , , 
1647,3-53-3,1, , , , , , , 
1648,3-53-4,1, , , , , , , 
1649,3-53-5,1, , , , , , , 
1650,3-53-6,1, , , , , , , 
1651,3-54-1,1, , , , , , , 
1652,3-54-2,1, , , , , , , 
1653,3-54-3,1, , , , , , , 
1654,3-54-4,1, , , , , , , 
1655,3-54-5,1, , , , , , , 
1656,3-55-1,1, , , , , , , 
1657,3-55-2,1, , , , , , , 
1658,3-55-3,1, , , , , , , 
1659,3-56-1,1,1336-2007-PE ,15/12/2008 ,1ER JUZGADO PENAL ,OMISION A ASISTENCIA FAMILIAR ,RESERVA DE FALLO ,RESERVA DE FALLO ,PENA CUMPLIDA 
1660,3-56-1,2,1241-2006-PE ,16/10/2007 ,JUZGADO PENAL LIQUIDADOR (EX 1) ,OMISION A ASISTENCIA FAMILIAR ,RESERVA DE FALLO ,RESERVA DE FALLO ,PENA CUMPLIDA 
1661,3-56-1,3,2559-2009-PE ,17/08/2010 ,JUZGADO PENAL LIQUIDADOR (EX 1) ,OMISION A ASISTENCIA FAMILIAR ,RESERVA DE FALLO ,RESERVA DE FALLO ,PENA CUMPLIDA 
1662,3-56-2,1, , , , , , , 
1663,3-56-3,1, , , , , , , 
1664,3-56-4,1, , , , , , , 
1665,3-56-5,1, , , , , , , 
1666,3-57-1,1, , , , , , , 
1667,3-57-2,1, , , , , , , 
1668,3-57-3,1, , , , , , , 
1669,3-58-2,1, , , , , , , 
1670,3-58-3,1, , , , , , , 
1671,3-59-1,1, , , , , , , 
1672,3-59-2,1, , , , , , , 
1673,3-60-1,1, , , , , , , 
1674,3-60-2,1, , , , , , , 
1675,3-61-1,1, , , , , , , 
1676,3-61-2,1, , , , , , , 
1677,3-61-3,1, , , , , , , 
1678,3-61-4,1, , , , , , , 
1679,3-62-1,1, , , , , , , 
1680,3-62-2,1, , , , , , , 
1681,3-62-3,1, , , , , , , 
1682,3-62-4,1, , , , , , , 
1683,3-62-5,1, , , , , , , 
1684,3-62-6,1, , , , , , , 
1685,3-63-1,1, , , , , , , 
1686,3-63-2,1, , , , , , , 
1687,3-63-3,1, , , , , , , 
1688,3-64-1,1, , , , , , , 
1689,3-64-2,1, , , , , , , 
1690,3-64-4,1, , , , , , , 
1691,3-64-5,1, , , , , , , 
1692,3-65-1,1, , , , , , , 
1693,3-65-2,1, , , , , , , 
1694,3-65-3,1, , , , , , , 
1695,3-66-3,1, , , , , , , 
1696,3-67-1,1, , , , , , , 
1697,3-67-2,1, , , , , , , 
1698,3-67-3,1, , , , , , , 
1699,3-67-5,1, , , , , , , 
1700,3-67-6,1,01812- 2005 ,20/05/2017 ,1ER JUZGADO PENAL LIQUIDADOR ,FALSEDAD IDEOLOGICA ,REPARACIÓN ,SUSPENDIDA ,PENA CUMPLIDA 
1701,3-68-1,1, , , , , , , 
1702,3-68-2,1, , , , , , , 
1703,3-68-3,1, , , , , , , 
1704,3-69-1,1,44 - 1995 ,15/07/1997 ,SEGUNDO JUZGADO PENAL HUANUCO ,CONTRA LA VOLUNTAD POPULAR ,01 ANO SUSPENDIDA ,SUSPENDIDA ,PENA CUMPLIDA 
1705,3-70-1,1, , , , , , , 
1706,3-70-2,1, , , , , , , 
1707,3-70-3,1, , , , , , , 
1708,3-70-4,1, , , , , , , 
1709,3-70-5,1, , , , , , , 
1710,3-70-6,1, , , , , , , 
1711,3-71-1,1, , , , , , , 
1712,3-71-2,1, , , , , , , 
1713,3-72-1,1, , , , , , , 
1714,3-72-2,1, , , , , , , 
1715,3-72-3,1, , , , , , , 
1716,3-72-4,1, , , , , , , 
1717,3-72-5,1, , , , , , , 
1718,3-73-1,1, , , , , , , 
1719,3-73-2,1, , , , , , , 
1720,3-73-3,1, , , , , , , 
1721,3-73-4,1, , , , , , , 
1722,3-73-5,1, , , , , , , 
1723,3-74-2,1, , , , , , , 
1724,3-74-3,1, , , , , , , 
1725,3-75-1,1, , , , , , , 
1726,3-75-3,1, , , , , , , 
1727,3-76-1,1, , , , , , , 
1728,3-76-2,1, , , , , , , 
1729,3-76-3,1, , , , , , , 
1730,3-76-4,1, , , , , , , 
1731,3-76-5,1, , , , , , , 
1732,3-76-6,1, , , , , , , 
1733,3-76-7,1, , , , , , , 
1734,3-77-3,1, , , , , , , 
1735,3-78-1,1, , , , , , , 
1736,3-78-2,1, , , , , , , 
1737,3-78-3,1, , , , , , , 
1738,3-78-4,1, , , , , , , 
1739,3-78-5,1, , , , , , , 
1740,3-79-1,1, , , , , , , 
1741,3-79-2,1, , , , , , , 
1742,3-79-3,1, , , , , , , 
1743,3-80-1,1, , , , , , , 
1744,3-80-2,1, , , , , , , 
1745,3-80-3,1, , , , , , , 
1746,3-80-5,1, , , , , , , 
1747,3-81-2,1, , , , , , , 
1748,3-82-1,1, , , , , , , 
1749,3-82-2,1, , , , , , , 
1750,3-82-3,1, , , , , , , 
1751,3-83-1,1, , , , , , , 
1752,3-83-3,1, , , , , , , 
1753,3-84-1,1, , , , , , , 
1754,3-84-2,1, , , , , , , 
1755,3-84-3,1, , , , , , , 
1756,3-84-4,1, , , , , , , 
1757,3-85-1,1, , , , , , , 
1758,3-85-2,1, , , , , , , 
1759,3-85-3,1, , , , , , , 
1760,3-85-4,1, , , , , , , 
1761,3-86-2,1, , , , , , , 
1762,3-86-3,1, , , , , , , 
1763,3-87-1,1, , , , , , , 
1764,3-87-3,1, , , , , , , 
1765,3-87-4,1, , , , , , , 
1766,3-87-5,1, , , , , , , 
1767,3-88-1,1, , , , , , , 
1768,3-88-2,1, , , , , , , 
1769,3-88-3,1, , , , , , , 
1770,3-88-4,1, , , , , , , 
1771,3-88-5,1, , , , , , , 
1772,3-88-6,1, , , , , , , 
1773,3-90-1,1, , , , , , , 
1774,3-90-2,1, , , , , , , 
1775,3-90-3,1, , , , , , , 
1776,3-90-4,1, , , , , , , 
1777,3-90-5,1, , , , , , , 
1778,3-91-1,1, , , , , , , 
1779,3-91-2,1, , , , , , , 
1780,3-91-3,1, , , , , , , 
1781,3-91-4,1, , , , , , , 
1782,3-91-5,1, , , , , , , 
1783,3-92-4,1, , , , , , , 
1784,3-93-1,1, , , , , , , 
1785,3-93-2,1, , , , , , , 
1786,3-93-3,1, , , , , , , 
1787,3-93-4,1, , , , , , , 
1788,3-93-7,1, , , , , , , 
1789,3-93-11,1, , , , , , , 
1790,3-93-13,1, , , , , , , 
1791,3-93-14,1, , , , , , , 
1792,3-93-15,1, , , , , , , 
1793,3-93-16,1, , , , , , , 
1794,3-93-17,1, , , , , , , 
1795,3-93-18,1, , , , , , , 
1796,3-93-19,1, , , , , , , 
1797,3-93-20,1, , , , , , , 
1798,3-93-21,1, , , , , , , 
1799,3-93-22,1, , , , , , , 
1800,3-93-23,1, , , , , , , 
1801,3-93-24,1, , , , , , , 
1802,3-93-26,1, , , , , , , 
1803,3-93-27,1, , , , , , , 
1804,3-93-28,1, , , , , , , 
1805,3-93-30,1, , , , , , , 
1806,3-93-32,1, , , , , , , 
1807,3-94-1,1, , , , , , , 
1808,3-94-2,1, , , , , , , 
1809,3-94-3,1, , , , , , , 
1810,3-94-4,1, , , , , , , 
1811,3-94-5,1, , , , , , , 
1812,3-96-1,1, , , , , , , 
1813,3-96-2,1, , , , , , , 
1814,3-96-3,1, , , , , , , 
1815,3-97-1,1, , , , , , , 
1816,3-97-2,1, , , , , , , 
1817,3-97-3,1, , , , , , , 
1818,3-97-4,1, , , , , , , 
1819,3-97-5,1, , , , , , , 
1820,3-98-1,1, , , , , , , 
1821,3-98-2,1, , , , , , , 
1822,3-98-3,1,4430-1999-02501-JR-PE-06 ,16/11/2000 ,SEXTO JUZGADO PENAL - CHIMBOTE ,ROBO AGRAVADO ,FALLO ,SUSPENDIDA ,PENA CUMPLIDA 
1823,3-98-3,2,2787-2010-025-01-JR-PE-02 ,06/09/2012 ,SEGUNDO JUZGADO PENAL LIQUIDADOR TRANSITORIO ,CONDUCCIÓN DE VEHÍCULO EN ESTADO DE EBRIEDAD ,FALLO ,SUSPENDIDA ,PENA CUMPLIDA 
1824,3-99-1,1, , , , , , , 
1825,3-99-3,1, , , , , , , 
1826,3-99-4,1, , , , , , , 
1827,3-100-1,1, , , , , , , 
1828,3-100-3,1, , , , , , , 
1829,3-101-1,1, , , , , , , 
1830,3-101-2,1, , , , , , , 
1831,3-101-3,1, , , , , , , 
1832,3-102-1,1, , , , , , , 
1833,3-102-2,1, , , , , , , 
1834,3-102-3,1, , , , , , , 
1835,3-102-4,1, , , , , , , 
1836,3-102-5,1, , , , , , , 
1837,3-102-6,1, , , , , , , 
1838,3-102-7,1, , , , , , , 
1839,3-103-2,1, , , , , , , 
1840,3-103-3,1, , , , , , , 
1841,3-104-1,1, , , , , , , 
1842,3-104-4,1, , , , , , , 
1843,3-104-5,1, , , , , , , 
1844,3-105-2,1, , , , , , , 
1845,3-105-3,1, , , , , , , 
1846,3-105-4,1, , , , , , , 
1847,3-106-2,1, , , , , , , 
1848,3-106-3,1, , , , , , , 
1849,3-106-4,1, , , , , , , 
1850,3-109-1,1, , , , , , , 
1851,3-110-1,1, , , , , , , 
1852,3-110-2,1, , , , , , , 
1853,3-110-3,1, , , , , , , 
1854,3-111-1,1, , , , , , , 
1855,3-111-2,1, , , , , , , 
1856,3-111-3,1, , , , , , , 
1857,3-112-1,1, , , , , , , 
1858,3-112-2,1, , , , , , , 
1859,3-113-1,1, , , , , , , 
1860,3-113-2,1, , , , , , , 
1861,3-113-3,1, , , , , , , 
1862,3-114-3,1, , , , , , , 
1863,3-114-4,1, , , , , , , 
1864,3-114-5,1, , , , , , , 
1865,3-115-1,1, , , , , , , 
1866,3-115-2,1, , , , , , , 
1867,3-115-3,1, , , , , , , 
1868,3-115-4,1, , , , , , , 
1869,3-116-1,1, , , , , , , 
1870,3-116-2,1, , , , , , , 
1871,3-116-3,1, , , , , , , 
1872,3-116-4,1, , , , , , , 
1873,3-116-5,1, , , , , , , 
1874,3-116-6,1, , , , , , , 
1875,3-117-1,1, , , , , , , 
1876,3-117-2,1, , , , , , , 
1877,3-117-3,1, , , , , , , 
1878,3-118-1,1, , , , , , , 
1879,3-118-2,1, , , , , , , 
1880,3-118-3,1, , , , , , , 
1881,3-118-4,1, , , , , , , 
1882,3-118-5,1, , , , , , , 
1883,3-119-1,1, , , , , , , 
1884,3-119-2,1, , , , , , , 
1885,3-119-3,1, , , , , , , 
1886,3-120-1,1, , , , , , , 
1887,3-120-2,1, , , , , , , 
1888,3-120-3,1, , , , , , , 
1889,3-120-5,1, , , , , , , 
1890,3-121-1,1,00881-2011-0-1101-JR-PE-01 ,15/04/2013 ,1ER JUZGADO PENAL LIQUIDADOR - HUANCAVELICA ,INCUMPLIMIENTO DE DEBERES FUNCIONALES ,PENA ,SUSPENDIDA ,PENA CUMPLIDA 
1891,3-121-2,1, , , , , , , 
1892,3-121-3,1, , , , , , , 
1893,3-122-2,1, , , , , , , 
1894,3-122-3,1, , , , , , , 
1895,3-123-3,1, , , , , , , 
1896,3-123-4,1, , , , , , , 
1897,3-124-1,1, , , , , , , 
1898,3-124-2,1, , , , , , , 
1899,3-124-3,1, , , , , , , 
1900,3-125-1,1, , , , , , , 
1901,3-125-2,1, , , , , , , 
1902,3-125-3,1, , , , , , , 
1903,3-125-4,1, , , , , , , 
1904,3-125-5,1, , , , , , , 
1905,3-125-6,1, , , , , , , 
1906,3-126-1,1, , , , , , , 
1907,3-126-2,1, , , , , , , 
1908,3-126-3,1, , , , , , , 
1909,3-126-4,1, , , , , , , 
1910,3-127-1,1, , , , , , , 
1911,3-127-2,1, , , , , , , 
1912,3-127-3,1, , , , , , , 
1913,3-128-1,1, , , , , , , 
1914,3-128-2,1, , , , , , , 
1915,3-128-3,1, , , , , , , 
1916,3-129-1,1, , , , , , , 
1917,3-129-2,1, , , , , , , 
1918,3-129-3,1, , , , , , , 
1919,3-129-5,1, , , , , , , 
1920,3-130-1,1, , , , , , , 
1921,3-130-2,1, , , , , , , 
1922,3-130-3,1, , , , , , , 
1923,3-131-1,1, , , , , , , 
1924,3-131-2,1, , , , , , , 
1925,3-131-3,1, , , , , , , 
1926,3-131-4,1, , , , , , , 
1927,3-131-5,1,2006-0008-JMCH-P ,29/10/2009 ,UNDEFINED ,USURPACION DE FUNCIONES ,01 AÑO PENA PRIVATIVO CARACTER SUSPENDIDA 6 MESES ,SUSPENDIDA ,PENA CUMPLIDA 
1928,3-131-6,1, , , , , , , 
1929,3-132-1,1, , , , , , , 
1930,3-132-2,1, , , , , , , 
1931,3-132-3,1, , , , , , , 
1932,3-133-1,1, , , , , , , 
1933,3-133-2,1, , , , , , , 
1934,3-133-3,1, , , , , , , 
1935,3-133-4,1, , , , , , , 
1936,3-133-5,1, , , , , , , 
1937,3-133-6,1, , , , , , , 
1938,3-133-7,1, , , , , , , 
1939,3-134-1,1, , , , , , , 
1940,3-134-2,1, , , , , , , 
1941,3-134-3,1, , , , , , , 
1942,3-135-1,1, , , , , , , 
1943,3-135-2,1, , , , , , , 
1944,3-135-3,1, , , , , , , 
1945,3-135-4,1, , , , , , , 
1946,3-135-5,1, , , , , , , 
1947,3-135-6,1, , , , , , , 
1948,3-135-7,1, , , , , , , 
1949,3-136-1,1, , , , , , , 
1950,3-136-2,1, , , , , , , 
1951,3-136-3,1, , , , , , , 
1952,3-137-1,1, , , , , , , 
1953,3-137-3,1, , , , , , , 
1954,3-137-4,1, , , , , , , 
1955,3-138-1,1, , , , , , , 
1956,3-138-3,1, , , , , , , 
1957,3-138-4,1, , , , , , , 
1958,3-138-5,1, , , , , , , 
1959,3-138-6,1, , , , , , , 
1960,3-138-7,1, , , , , , , 
1961,3-138-8,1, , , , , , , 
1962,3-138-9,1, , , , , , , 
1963,3-138-10,1, , , , , , , 
1964,3-138-11,1, , , , , , , 
1965,3-138-12,1, , , , , , , 
1966,3-138-13,1, , , , , , , 
1967,3-138-14,1, , , , , , , 
1968,3-138-15,1, , , , , , , 
1969,3-138-16,1, , , , , , , 
1970,3-138-18,1, , , , , , , 
1971,3-138-19,1, , , , , , , 
1972,3-138-20,1, , , , , , , 
1973,3-138-22,1, , , , , , , 
1974,3-138-23,1, , , , , , , 
1975,3-138-24,1, , , , , , , 
1976,3-138-26,1, , , , , , , 
1977,3-138-27,1, , , , , , , 
1978,3-138-28,1, , , , , , , 
1979,3-138-29,1, , , , , , , 
1980,3-138-30,1, , , , , , , 
1981,3-138-31,1, , , , , , , 
1982,3-138-32,1, , , , , , , 
1983,3-138-34,1, , , , , , , 
1984,3-138-35,1, , , , , , , 
1985,3-138-36,1, , , , , , , 
1986,3-139-1,1,20-2005 ,16/06/2008 ,PRIMERA SALA PENAL LIMA ,"REBELIÓN, SECUESTRO ",9 AÑOS ,EFECTIVA ,PENA CUMPLIDA 
1987,3-139-2,1, , , , , , , 
1988,3-139-3,1, , , , , , , 
1989,3-139-4,1, , , , , , , 
1990,3-140-1,1,61-2000 ,30/08/2012 ,JUZGADO PENAL ,CONCUSION 1 AÑO ,COMPLICE SIN INHABILITACION FUNCION PUBLICA ,SUSPENDIDA ,PENA CUMPLIDA 
1991,3-140-3,1, , , , , , , 
1992,3-140-4,1,451-2001 ,20/02/2002 ,1° SALA PENAL ,PECULADO ,1 AÑO ,SUSPENDIDA ,PENA CUMPLIDA 
1993,3-141-1,1, , , , , , , 
1994,3-141-3,1, , , , , , , 
1995,3-141-4,1, , , , , , , 
1996,3-141-5,1, , , , , , , 
1997,3-142-1,1, , , , , , , 
1998,3-142-2,1, , , , , , , 
1999,3-142-3,1, , , , , , , 
2000,3-142-4,1, , , , , , , 
2001,3-142-5,1, , , , , , , 
2002,3-145-1,1, , , , , , , 
2003,3-145-2,1, , , , , , , 
2004,3-145-4,1, , , , , , , 
2005,3-146-1,1, , , , , , , 
2006,3-146-2,1, , , , , , , 
2007,3-146-3,1, , , , , , , 
2008,3-147-1,1, , , , , , , 
2009,3-147-2,1, , , , , , , 
2010,3-147-3,1, , , , , , , 
2011,3-148-3,1, , , , , , , 
2012,3-149-1,1, , , , , , , 
2013,3-149-2,1, , , , , , , 
2014,3-149-3,1, , , , , , , 
2015,3-149-4,1, , , , , , , 
2016,3-149-5,1, , , , , , , 
2017,3-150-2,1, , , , , , , 
2018,3-150-3,1, , , , , , , 
2019,4-1-1,1,00157-1995-0-031-JR-PE-01 ,18/11/2005 ,PODER JUDICIAL ,PECULADO ,FALLO ,OTRO ,ABSUELTO 
2020,4-1-1,2,00249-1999-0-031-JR-PE-02 ,30/10/2006 ,PODER JUDICIAL ,CONCUSIÓN ,FALLO ,OTRO ,ABSUELTO 
2021,4-1-1,3,00490-2001-0-0301-JR-PE-01 ,12/07/2005 ,PODER JUDICIAL ,VIOLENCIA Y RESISTENCIA DE AUTORIDAD ,FALLO ,OTRO ,ABSUELTO 
2022,4-1-1,4,00010-2002-0-0301-JR-PE-02 ,07/04/2015 ,PODER JUDICIAL ,CONTRA LA TRANQUILIDAD PUBLICA ,FALLO ,OTRO ,ABSUELTO 
2023,4-1-1,5,00311-2002-0-0301-JR-PE-01 ,31/10/2005 ,PODER JUDICIAL ,CORRUPCIÓN ACTIVA DE FUNCIONARIOS ,FALLO ,OTRO ,ABSUELTO 
2024,4-1-1,6,00046-2004-0-0301-JR.PE-01 ,26/06/2005 ,PODER JUDICIAL ,ABUSO DE AUTORIDAD ,FALLO ,OTRO ,ABSUELTO 
2025,4-1-1,7,00180-2004-0-0301-JR-PE-02 ,07/04/2015 ,PODER JUDICIAL ,ABUSO DE AUTORIDAD ,FALLO ,OTRO ,ABSUELTO 
2026,4-1-1,8,00424-2004-0-0301-JR-PE-01 ,13/07/2005 ,PODER JUDICIAL ,INCUMPLIMIENTO DE DEBERES DE FUNCIONES ,FALLO ,OTRO ,ABSUELTO 
2027,4-1-1,9,00134-2005-0-0301-JR-PE-01 ,07/04/2015 ,PODER JUDICIAL ,MALVERSACIÓN DE FONDOS ,FALLO ,OTRO ,ABSUELTO 
2028,4-1-1,10,00159-2005-0-0301-JR-PE-01 ,25/06/2005 ,PODER JUDICIAL ,PECULADO DOLOSO ,FALLO ,OTRO ,ABSUELTO 
2029,4-1-1,11,00184-2005-0-0301-JR-PE-02 ,07/04/2015 ,PODER JUDICIAL ,FALSEDAD IDEOLÓGICA ,FALLO ,OTRO ,ABSUELTO 
2030,4-1-1,12,00405-2005-0-0301-JR-PE-01 ,13/07/2005 ,PODER JUDICIAL ,ABUSO DE AUTORIDAD ,FALLO ,OTRO ,ABSUELTO 
2031,4-1-1,13,00118-2006-0-0301-JR-PE-01 ,07/04/2015 ,PODER JUDICIAL ,VIOLENCIA Y RESISTENCIA DE AUTORIDAD ,FALLO ,OTRO ,ABSUELTO 
2032,4-1-1,14,00131-2009-0-0301-JR-PE-01 ,27/05/2014 ,PODER JUDICIAL ,PECULADO DOLOSO ,FALLO ,OTRO ,ABSUELTO 
2033,4-1-1,15,00157-1995-99-0301-JR-PE-01 ,16/11/1998 ,PODER JUDICIAL ,PECULADO DOLOSO ,FALLO ,OTRO ,ABSUELTO 
2034,4-1-1,16,00242-1986-0-0301-JR-PE-03 ,07/04/2015 ,PODER JUDICIAL ,APROPIACIÓN ILÍCITA ,FALLO ,OTRO ,ABSUELTO 
2035,4-1-1,17,00168-1998-0-0301-JR-PE-01 ,07/04/2015 ,PODER JUDICIAL ,DESOBEDIENCIA Y RESISTENCIA A LA AUTORIDAD ,FALLO ,OTRO ,ABSUELTO 
2036,4-1-1,18,00222-2002-0-0301-JR-PE-02 ,16/07/2015 ,PODER JUDICIAL ,LESIONES GRAVES ,PENA ,RESERVA DE FALLO ,PENA CUMPLIDA 
2037,4-1-1,19,00168-1998-15-0301-JR-PE-01 ,14/04/2015 ,PODER JUDICIAL ,DESOBEDIENCIA A LA AUTORIDAD ,FALLO ,OTRO ,ABSUELTO 
2038,4-1-1,20,00044-2016-28-0301-JR-PE-02 ,12/01/2018 ,PODER JUDICIAL ,LESIONES LEVES ,FALLO ,OTRO ,ABSUELTO 
2039,4-1-1,21,00100-2006-0-0301-JR-PE-02 ,10/06/2017 ,PODER JUDICIAL ,USURPACIÓN DE FUNCIONES ,FALLO ,OTRO ,ABSUELTO 
2040,4-1-1,22,00283-2003-0-0301-JR-PE-02 ,17/06/2019 ,PODER JUDICIAL ,PECULADO DOLOSO ,FALLO ,OTRO ,ABSUELTO 
2041,4-1-1,23,00443-2004-13-0301-JR.PE-02 ,17/06/2019 ,PODER JUDICIAL ,RESISTENCIA A LA AUTORIDAD ,FALLO ,OTRO ,ABSUELTO 
2042,4-1-1,24,00190-2005-0-0301-JR-PE-01 ,28/01/2005 ,PODER JUDICIAL ,DAÑOS ,FALLO ,OTRO ,ABSUELTO 
2043,4-1-1,25,00872-2017-22-0301-JR-PE-03 ,28/11/2008 ,PODER JUDICIAL ,PECULADO ,FALLO ,OTRO ,ABSUELTO 
2044,4-1-1,26,00355-2000-0-0301-JR-PE-02 ,16/03/2015 ,PODER JUDICIAL ,FALSEDAD IDEOLÓGICA ,FALLO ,OTRO ,ABSUELTO 
2045,4-1-1,27,00281-2001-0-0301-SP-PE-01 ,01/12/2004 ,PODER JUDICIAL ,COLUSIÓN ,FALLO ,OTRO ,ABSUELTO 
2046,4-1-1,28,00047-2003-0-0301-JR-PE-02 ,11/07/2005 ,PODER JUDICIAL ,RESISTENCIA A LA AUTORIDAD ,FALLO ,OTRO ,ABSUELTO 
2047,4-1-1,29,00390-2004-0-0301-JR-PE-02 ,02/07/2008 ,PODER JUDICIAL ,VIOLENCIA CONTRA LA AUTORIDAD PARA IMPEDIR QUE EJERZA SUS FUNCIONES ,FALLO ,OTRO ,ABSUELTO 
2048,4-1-1,30,00436-2004-0-0301-JR-PE-02 ,14/07/2005 ,PODER JUDICIAL ,DESOBEDIENCIA Y RESISTENCIA DE AUTORIDAD ,FALLO ,OTRO ,ABSUELTO 
2049,4-1-1,31,00440-2004-0-0301-JR-PE-02 ,14/07/2005 ,PODER JUDICIAL ,USURPACIÓN DE FUNCIONES ,FALLO ,OTRO ,ABSUELTO 
2050,4-1-1,32,00233-1999-0-0301-JR-PE-02 ,13/09/2005 ,PODER JUDICIAL ,PECULADO DOLOSO ,FALLO ,OTRO ,ABSUELTO 
2051,4-1-2,1, , , , , , , 
2052,4-2-1,1, , , , , , , 
2053,4-2-2,1, , , , , , , 
2054,4-3-1,1, , , , , , , 
2055,4-3-2,1, , , , , , , 
2056,4-3-4,1, , , , , , , 
2057,4-4-2,1, , , , , , , 
2058,4-4-3,1, , , , , , , 
2059,4-5-1,1, , , , , , , 
2060,4-5-2,1, , , , , , , 
2061,4-5-3,1, , , , , , , 
2062,4-6-1,1, , , , , , , 
2063,4-6-2,1, , , , , , , 
2064,4-6-3,1, , , , , , , 
2065,4-7-2,1, , , , , , , 
2066,4-7-3,1, , , , , , , 
2067,4-7-4,1, , , , , , , 
2068,4-7-5,1, , , , , , , 
2069,4-8-1,1, , , , , , , 
2070,4-8-3,1, , , , , , , 
2071,4-9-1,1, , , , , , , 
2072,4-9-2,1, , , , , , , 
2073,4-9-3,1,414-91 ,06/05/1993 ,3ER JUZGADO PENAL CALLAO ,APROPIACIÓN ILÍCITA ESTAFA Y OTROS ,1 AÑO ,SUSPENDIDA ,PENA CUMPLIDA 
2074,4-9-3,2,84-06 ,31/07/2007 ,047 JUZGADO PENAL DE LIMA ,FALSEDAD GENÉRICA O SUBSIDIARIA ART 438 ,4 AÑOS ,SUSPENDIDA ,PENA CUMPLIDA 
2075,4-9-4,1, , , , , , , 
2076,4-10-1,1, , , , , , , 
2077,4-10-2,1, , , , , , , 
2078,4-10-3,1, , , , , , , 
2079,4-11-1,1, , , , , , , 
2080,4-11-2,1, , , , , , , 
2081,4-11-3,1, , , , , , , 
2082,4-11-4,1, , , , , , , 
2083,4-12-1,1, , , , , , , 
2084,4-12-2,1, , , , , , , 
2085,4-12-3,1, , , , , , , 
2086,4-12-4,1, , , , , , , 
2087,4-13-1,1, , , , , , , 
2088,4-13-2,1, , , , , , , 
2089,4-13-3,1, , , , , , , 
2090,4-13-4,1, , , , , , , 
2091,4-13-5,1, , , , , , , 
2092,4-14-1,1,0187-2005 ,11/05/2006 ,PRIMER JUZGADO PENAL DE UTCUBAMBA ,EJERCICIO ARBITRARIO DEL DERECHO POR PROPIA MANO ,VEINTE JORNADAS DE PRESTACIÓN DE SERVICIO COMUNITARIO ,OTRO ,"PRESTACIÓN DE SERVICIOS A LA COMUNIDAD, "
2093,4-14-2,1,0618-2007 ,15/11/2010 ,SALA PENAL LIQUIDADORA TRANSITORIA BAGUA ,VIOLACIÓN SEXUAL DE MENOR Y OTROS ,UN AÑO SUSPENDIDA ,SUSPENDIDA ,PENA CUMPLIDA 
2094,4-14-3,1, , , , , , , 
2095,4-15-1,1, , , , , , , 
2096,4-15-2,1, , , , , , , 
2097,4-15-3,1, , , , , , , 
2098,4-15-5,1, , , , , , , 
2099,4-16-1,1, , , , , , , 
2100,4-16-2,1, , , , , , , 
2101,4-16-3,1, , , , , , , 
2102,4-16-4,1, , , , , , , 
2103,4-17-1,1, , , , , , , 
2104,4-17-2,1, , , , , , , 
2105,4-17-3,1, , , , , , , 
2106,4-17-4,1, , , , , , , 
2107,4-17-5,1, , , , , , , 
2108,4-17-6,1, , , , , , , 
2109,4-17-7,1, , , , , , , 
2110,4-18-1,1, , , , , , , 
2111,4-18-3,1, , , , , , , 
2112,4-18-4,1, , , , , , , 
2113,4-18-5,1, , , , , , , 
2114,4-19-1,1, , , , , , , 
2115,4-20-1,1,20-2005 ,13/10/2009 ,CORTE SUPERIOR DE JUSTICIA DE LIMA ,REBELIÓN Y OTROS ,4 AÑOS ,SUSPENDIDA ,PENA CUMPLIDA 
2116,4-20-2,1, , , , , , , 
2117,4-21-1,1, , , , , , , 
2118,4-21-2,1, , , , , , , 
2119,4-22-1,1, , , , , , , 
2120,4-22-2,1, , , , , , , 
2121,4-22-5,1, , , , , , , 
2122,4-23-2,1, , , , , , , 
2123,4-23-3,1, , , , , , , 
2124,4-24-1,1, , , , , , , 
2125,4-24-3,1, , , , , , , 
2126,4-25-1,1, , , , , , , 
2127,4-25-2,1, , , , , , , 
2128,4-25-3,1, , , , , , , 
2129,4-26-1,1,831-2005 ,05/10/2011 ,38 JUZGADO DE LIMA ,"REBELION, SUSTRACCION DE ARMAS Y OTROS ",9 AÑOS ,EFECTIVA ,PENA CUMPLIDA 
2130,4-26-2,1, , , , , , , 
2131,4-26-3,1, , , , , , , 
2132,4-27-3,1, , , , , , , 
2133,4-28-1,1,,,, , , , 
2134,4-28-2,1, , , , , , , 
2135,4-30-1,1, , , , , , , 
2136,4-30-2,1, , , , , , , 
2137,4-30-3,1, , , , , , , 
2138,4-31-1,1, , , , , , , 
2139,4-31-2,1,16139-2011 ,24/04/2019 ,SEGUNDA SALA ESPECIALIZADA EN LO PENAL CON REOS LIBRES - LIMA ,FALSIFICACIÓN DE DOCUMENTOS ,2 AÑOS DE PENA SUSPENDIDA ,SUSPENDIDA ,PENA CUMPLIDA 
2140,4-31-3,1, , , , , , , 
2141,4-31-4,1, , , , , , , 
2142,4-31-5,1, , , , , , , 
2143,4-31-6,1, , , , , , , 
2144,4-31-7,1, , , , , , , 
2145,4-31-8,1, , , , , , , 
2146,4-31-9,1, , , , , , , 
2147,4-31-10,1, , , , , , , 
2148,4-31-11,1, , , , , , , 
2149,4-31-13,1, , , , , , , 
2150,4-31-14,1, , , , , , , 
2151,4-31-15,1, , , , , , , 
2152,4-31-16,1, , , , , , , 
2153,4-31-18,1, , , , , , , 
2154,4-31-19,1, , , , , , , 
2155,4-31-20,1, , , , , , , 
2156,4-31-21,1, , , , , , , 
2157,4-31-22,1, , , , , , , 
2158,4-31-23,1, , , , , , , 
2159,4-31-24,1, , , , , , , 
2160,4-31-25,1, , , , , , , 
2161,4-31-26,1,582-2010 ,29/04/2015 ,SEGUNDO JUZGADO PENAL DE VILLA MARIA DEL TRIUNFO ,FE PUBLICA ,TRES AÑOS SUSPENDIDA A 2 ,SUSPENDIDA ,PENA CUMPLIDA 
2162,4-31-26,2,30268-2008 ,07/07/2011 ,DECIMO OCTAVO JUZGADO PENAL DE LIMA ,FE PUBLICA ,TRES AÑOS SUSPENDIDA A TRES ,SUSPENDIDA ,PENA CUMPLIDA 
2163,4-31-27,1, , , , , , , 
2164,4-31-28,1, , , , , , , 
2165,4-31-29,1, , , , , , , 
2166,4-31-31,1, , , , , , , 
2167,4-31-32,1, , , , , , , 
2168,4-31-33,1, , , , , , , 
2169,4-31-34,1, , , , , , , 
2170,4-31-35,1, , , , , , , 
2171,4-31-36,1, , , , , , , 
2172,4-32-3,1, , , , , , , 
2173,4-33-1,1, , , , , , , 
2174,4-33-2,1, , , , , , , 
2175,4-33-3,1, , , , , , , 
2176,4-33-4,1, , , , , , , 
2177,4-34-1,1, , , , , , , 
2178,4-34-2,1, , , , , , , 
2179,4-34-3,1, , , , , , , 
2180,4-34-4,1, , , , , , , 
2181,4-34-5,1,00912-2007 ,28/02/2013 ,JUZGADO ESPECIALIZADO CIVIL DE TALARA ,INDEMNIZACIÓN POR DAÑOS EMERGENTES ,PAGO DE 8 MIL SOLES ,EFECTIVA ,EN CUMPLIMIENTO 
2182,4-34-6,1, , , , , , , 
2183,4-34-7,1, , , , , , , 
2184,4-35-2,1, , , , , , , 
2185,4-35-3,1, , , , , , , 
2186,4-35-4,1, , , , , , , 
2187,4-35-5,1, , , , , , , 
2188,4-35-6,1, , , , , , , 
2189,4-36-1,1, , , , , , , 
2190,4-36-2,1, , , , , , , 
2191,4-36-3,1, , , , , , , 
2192,4-36-4,1, , , , , , , 
2193,4-36-5,1, , , , , , , 
2194,4-37-1,1, , , , , , , 
2195,4-37-2,1, , , , , , , 
2196,4-37-3,1, , , , , , , 
2197,4-37-4,1, , , , , , , 
2198,4-37-5,1, , , , , , , 
2199,4-38-1,1, , , , , , , 
2200,4-38-2,1, , , , , , , 
2201,4-38-3,1, , , , , , , 
2202,4-38-4,1, , , , , , , 
2203,4-38-5,1, , , , , , , 
2204,4-39-1,1, , , , , , , 
2205,4-39-2,1, , , , , , , 
2206,4-39-3,1, , , , , , , 
2207,4-39-4,1, , , , , , , 
2208,4-40-1,1, , , , , , , 
2209,4-40-2,1, , , , , , , 
2210,4-40-3,1, , , , , , , 
2211,4-41-1,1, , , , , , , 
2212,4-41-3,1, , , , , , , 
2213,4-42-1,1, , , , , , , 
2214,4-42-2,1, , , , , , , 
2215,4-42-4,1, , , , , , , 
2216,4-42-5,1, , , , , , , 
2217,4-43-4,1, , , , , , , 
2218,4-44-1,1,02963-2000-0-1601-JR-FC-02 ,14/03/2001 ,JUZGADO DE PAZ LETRADO DE LA LIBERTAD ,OMISION A LA ASISTENCIA FAMILIAR ,01 AÑO DE PPLS ,SUSPENDIDA ,PENA CUMPLIDA 
2219,4-44-2,1,00150-1991-0-1201-JP-FC-01 ,09/11/2000 ,JUZGADO DE PAZ DE FAMILIA DE HUANUCO ,ALIMENTOS ,FUNDADA ,OTRO ,TRANSACCION JUDICIAL 
2220,4-44-2,2,2004 - 251 ,17/11/2005 ,JUZGADO DE PAZ LETRADO DE UTCUBAMBA ,AUMENTO DE ALIMENTOS ,FUNDADA LA DEMANDA ,OTRO ,FUNDADA LA DEMANDA 
2221,4-44-3,1, , , , , , , 
2222,4-45-2,1, , , , , , , 
2223,4-45-3,1, , , , , , , 
2224,4-46-1,1, , , , , , , 
2225,4-46-2,1, , , , , , , 
2226,4-46-3,1, , , , , , , 
2227,4-46-4,1, , , , , , , 
2228,4-47-1,1, , , , , , , 
2229,4-47-2,1, , , , , , , 
2230,4-47-3,1, , , , , , , 
2231,4-48-3,1, , , , , , , 
2232,4-48-4,1, , , , , , , 
2233,4-48-10,1, , , , , , , 
2234,4-48-19,1, , , , , , , 
2235,4-48-21,1, , , , , , , 
2236,4-48-28,1, , , , , , , 
2237,4-49-1,1, , , , , , , 
2238,4-49-2,1, , , , , , , 
2239,4-49-3,1, , , , , , , 
2240,4-49-4,1, , , , , , , 
2241,4-49-5,1, , , , , , , 
2242,4-49-6,1, , , , , , , 
2243,4-49-7,1, , , , , , , 
2244,4-49-8,1, , , , , , , 
2245,4-49-9,1, , , , , , , 
2246,4-49-10,1, , , , , , , 
2247,4-49-11,1, , , , , , , 
2248,4-49-12,1, , , , , , , 
2249,4-49-13,1, , , , , , , 
2250,4-49-15,1, , , , , , , 
2251,4-49-16,1, , , , , , , 
2252,4-49-17,1, , , , , , , 
2253,4-49-18,1, , , , , , , 
2254,4-49-19,1, , , , , , , 
2255,4-49-20,1, , , , , , , 
2256,4-49-21,1, , , , , , , 
2257,4-49-22,1, , , , , , , 
2258,4-49-23,1, , , , , , , 
2259,4-49-24,1, , , , , , , 
2260,4-49-25,1, , , , , , , 
2261,4-49-26,1, , , , , , , 
2262,4-49-27,1, , , , , , , 
2263,4-49-28,1, , , , , , , 
2264,4-49-29,1, , , , , , , 
2265,4-49-30,1, , , , , , , 
2266,4-49-31,1, , , , , , , 
2267,4-49-32,1, , , , , , , 
2268,4-49-33,1, , , , , , , 
2269,4-49-34,1, , , , , , , 
2270,4-49-35,1, , , , , , , 
2271,4-49-36,1, , , , , , , 
2272,4-50-2,1, , , , , , , 
2273,4-51-3,1,934-2006 ,03/04/2008 ,HUAURA ,CONTRA LA FE PUBLICA ,3 AÑOS SUSPENDIDA POR DOS AÑOS ,SUSPENDIDA ,PENA CUMPLIDA 
2274,4-51-4,1, , , , , , , 
2275,4-52-2,1, , , , , , , 
2276,4-54-1,1, , , , , , , 
2277,4-54-2,1, , , , , , , 
2278,4-54-3,1, , , , , , , 
2279,4-54-4,1, , , , , , , 
2280,4-55-1,1, , , , , , , 
2281,4-55-2,1, , , , , , , 
2282,4-55-3,1, , , , , , , 
2283,4-55-4,1, , , , , , , 
2284,4-55-5,1,4577-2013-0-1501-JR-P-OS ,12/01/2015 ,QUINTO JUZGADO ESPECIAL ,FALSEDAD GENÉRICA ,CONDENATORIA ,SUSPENDIDA ,PENA CUMPLIDA 
2285,4-56-1,1, , , , , , , 
2286,4-56-2,1, , , , , , , 
2287,4-56-3,1, , , , , , , 
2288,4-57-2,1, , , , , , , 
2289,4-57-3,1, , , , , , , 
2290,4-57-4,1, , , , , , , 
2291,4-58-1,1, , , , , , , 
2292,4-58-2,1, , , , , , , 
2293,4-58-3,1, , , , , , , 
2294,4-59-1,1, , , , , , , 
2295,4-59-2,1, , , , , , , 
2296,4-60-1,1, , , , , , , 
2297,4-60-2,1, , , , , , , 
2298,4-60-3,1, , , , , , , 
2299,4-61-1,1, , , , , , , 
2300,4-61-2,1, , , , , , , 
2301,4-61-3,1, , , , , , , 
2302,4-61-4,1, , , , , , , 
2303,4-61-5,1, , , , , , , 
2304,4-62-1,1, , , , , , , 
2305,4-62-2,1, , , , , , , 
2306,4-62-3,1, , , , , , , 
2307,4-62-4,1, , , , , , , 
2308,4-63-1,1, , , , , , , 
2309,4-63-2,1, , , , , , , 
2310,4-63-3,1, , , , , , , 
2311,4-63-4,1, , , , , , , 
2312,4-63-6,1, , , , , , , 
2313,4-63-7,1, , , , , , , 
2314,4-64-1,1, , , , , , , 
2315,4-64-2,1, , , , , , , 
2316,4-64-3,1, , , , , , , 
2317,4-64-4,1, , , , , , , 
2318,4-65-1,1, , , , , , , 
2319,4-65-2,1, , , , , , , 
2320,4-65-3,1, , , , , , , 
2321,4-66-1,1, , , , , , , 
2322,4-66-4,1, , , , , , , 
2323,4-67-3,1, , , , , , , 
2324,4-67-4,1, , , , , , , 
2325,4-68-1,1, , , , , , , 
2326,4-68-2,1, , , , , , , 
2327,4-68-4,1, , , , , , , 
2328,4-68-5,1, , , , , , , 
2329,4-68-6,1, , , , , , , 
2330,4-68-7,1, , , , , , , 
2331,4-69-2,1, , , , , , , 
2332,4-69-3,1, , , , , , , 
2333,4-69-4,1, , , , , , , 
2334,4-69-5,1, , , , , , , 
2335,4-70-1,1, , , , , , , 
2336,4-70-2,1,98-213-PJPP-SB ,28/12/2001 ,SALA MIXTA DE CHINCHA ,ESTAFA ,DOS AÑOS FIJO PERIODO DE PRUEBA EN EL TERMINO DE 1 AÑO ,SUSPENDIDA ,PENA CUMPLIDA 
2337,4-70-3,1, , , , , , , 
2338,4-70-4,1, , , , , , , 
2339,4-71-1,1, , , , , , , 
2340,4-71-3,1, , , , , , , 
2341,4-71-4,1, , , , , , , 
2342,4-71-5,1, , , , , , , 
2343,4-72-1,1,469-2011 ,14/11/2011 ,PRIMER JUZGADO UNIPERSONAL ,OBTENCIÓN DE DISTINTIVOS ,SERVICIO A LA COMUNIDAD ,SUSPENDIDA ,PENA CUMPLIDA 
2344,4-72-2,1, , , , , , , 
2345,4-72-3,1, , , , , , , 
2346,4-72-4,1, , , , , , , 
2347,4-73-1,1, , , , , , , 
2348,4-73-3,1, , , , , , , 
2349,4-73-4,1, , , , , , , 
2350,4-73-5,1, , , , , , , 
2351,4-74-1,1, , , , , , , 
2352,4-74-2,1, , , , , , , 
2353,4-74-3,1, , , , , , , 
2354,4-74-4,1, , , , , , , 
2355,4-74-5,1, , , , , , , 
2356,4-74-6,1, , , , , , , 
2357,4-75-1,1, , , , , , , 
2358,4-75-2,1, , , , , , , 
2359,4-75-4,1, , , , , , , 
2360,4-75-5,1, , , , , , , 
2361,4-76-1,1, , , , , , , 
2362,4-77-1,1, , , , , , , 
2363,4-77-2,1, , , , , , , 
2364,4-78-1,1, , , , , , , 
2365,4-78-2,1, , , , , , , 
2366,4-78-3,1, , , , , , , 
2367,4-79-1,1, , , , , , , 
2368,4-79-2,1, , , , , , , 
2369,4-79-3,1, , , , , , , 
2370,4-79-4,1, , , , , , , 
2371,4-79-5,1, , , , , , , 
2372,4-79-6,1, , , , , , , 
2373,4-80-1,1, , , , , , , 
2374,4-80-3,1, , , , , , , 
2375,4-80-4,1, , , , , , , 
2376,4-81-1,1, , , , , , , 
2377,4-81-2,1, , , , , , , 
2378,4-81-3,1, , , , , , , 
2379,4-82-1,1, , , , , , , 
2380,4-82-2,1, , , , , , , 
2381,4-82-3,1,4030 - 2012 ,15/12/2015 ,CORTE SUPERIOR DE JUSTICIA DE AREQUIPA ,FALSA DECLARACION ,DOS AÑOS ,SUSPENDIDA ,PENA CUMPLIDA 
2382,4-82-4,1, , , , , , , 
2383,4-82-5,1, , , , , , , 
2384,4-82-6,1, , , , , , , 
2385,4-83-2,1, , , , , , , 
2386,4-83-3,1, , , , , , , 
2387,4-83-4,1,2313-2017-0-0701-JR-PE-02 ,13/07/2017 ,TERCER JUZGADO DE INVESTIGACIÓN PREPARATORIA ,RESISTENCIA O DESOBEDIENCIA A LA AUTORIDAD ,DOCE MESES ,SUSPENDIDA ,PENA CUMPLIDA 
2388,4-84-1,1, , , , , , , 
2389,4-84-2,1, , , , , , , 
2390,4-84-3,1, , , , , , , 
2391,4-84-5,1, , , , , , , 
2392,4-84-6,1,05137 ,12/10/2017 ,"1ER JUZGADO INV, PREP. S. C. ",OAF ,RESERVA FALLO CONDENATORIO ,RESERVA DE FALLO ,PENA CUMPLIDA 
2393,4-85-1,1, , , , , , , 
2394,4-85-2,1, , , , , , , 
2395,4-85-3,1, , , , , , , 
2396,4-85-4,1, , , , , , , 
2397,4-85-5,1, , , , , , , 
2398,4-86-1,1, , , , , , , 
2399,4-86-2,1, , , , , , , 
2400,4-87-1,1, , , , , , , 
2401,4-87-2,1, , , , , , , 
2402,4-87-3,1, , , , , , , 
2403,4-88-1,1, , , , , , , 
2404,4-88-4,1, , , , , , , 
2405,4-89-1,1, , , , , , , 
2406,4-89-3,1, , , , , , , 
2407,4-89-5,1, , , , , , , 
2408,4-90-1,1, , , , , , , 
2409,4-90-2,1, , , , , , , 
2410,4-90-4,1, , , , , , , 
2411,4-90-5,1, , , , , , , 
2412,4-90-6,1, , , , , , , 
2413,4-91-1,1,770-03 ,12/01/2010 ,002°SALA PENAL DE CNL PORTILLO ,DEFRAUDACION ART 197° CONCUSION ART 382 ,4-0-0 ,SUSPENDIDA ,PENA CUMPLIDA 
2414,4-91-2,1,322-2008 ,25/08/2009 ,002 °JUZGADO MIXTO DE PARCONA ICA ,INCUMPLIMIENTO DE OBLIGACION ALIMENTARIA ART. 149 ,3-0-0 ,SUSPENDIDA ,PENA CUMPLIDA 
2415,4-91-3,1, , , , , , , 
2416,4-92-1,1, , , , , , , 
2417,4-92-2,1, , , , , , , 
2418,4-92-3,1, , , , , , , 
2419,4-92-4,1, , , , , , , 
2420,4-92-5,1, , , , , , , 
2421,4-92-6,1, , , , , , , 
2422,4-92-7,1, , , , , , , 
2423,4-92-8,1, , , , , , , 
2424,4-92-9,1, , , , , , , 
2425,4-92-10,1, , , , , , , 
2426,4-92-11,1, , , , , , , 
2427,4-92-12,1, , , , , , , 
2428,4-92-13,1, , , , , , , 
2429,4-92-14,1, , , , , , , 
2430,4-92-16,1, , , , , , , 
2431,4-92-17,1, , , , , , , 
2432,4-92-18,1, , , , , , , 
2433,4-92-19,1, , , , , , , 
2434,4-92-20,1, , , , , , , 
2435,4-92-21,1, , , , , , , 
2436,4-92-22,1, , , , , , , 
2437,4-92-23,1, , , , , , , 
2438,4-92-24,1, , , , , , , 
2439,4-92-25,1, , , , , , , 
2440,4-92-26,1, , , , , , , 
2441,4-92-27,1, , , , , , , 
2442,4-92-28,1, , , , , , , 
2443,4-92-29,1, , , , , , , 
2444,4-92-30,1, , , , , , , 
2445,4-92-31,1, , , , , , , 
2446,4-92-32,1, , , , , , , 
2447,4-92-33,1, , , , , , , 
2448,4-92-34,1, , , , , , , 
2449,4-92-35,1, , , , , , , 
2450,4-92-36,1, , , , , , , 
2451,4-94-1,1, , , , , , , 
2452,4-94-2,1, , , , , , , 
2453,4-94-3,1, , , , , , , 
2454,4-94-4,1, , , , , , , 
2455,4-94-5,1, , , , , , , 
2456,4-94-6,1, , , , , , , 
2457,4-94-7,1, , , , , , , 
2458,4-95-1,1, , , , , , , 
2459,4-95-2,1, , , , , , , 
2460,4-95-3,1, , , , , , , 
2461,4-95-4,1, , , , , , , 
2462,4-95-5,1, , , , , , , 
2463,4-95-6,1, , , , , , , 
2464,4-95-7,1, , , , , , , 
2465,4-96-1,1, , , , , , , 
2466,4-96-2,1, , , , , , , 
2467,4-96-3,1,648-12 ,30/10/2013 ,HUANCAVELICA ,DISTURBIO; DAÑO AGRAVADO ,4 AÑOS ,SUSPENDIDA ,PENA CUMPLIDA 
2468,4-97-1,1, , , , , , , 
2469,4-97-2,1, , , , , , , 
2470,4-97-3,1, , , , , , , 
2471,4-97-4,1, , , , , , , 
2472,4-98-1,1, , , , , , , 
2473,4-98-2,1, , , , , , , 
2474,4-98-3,1, , , , , , , 
2475,4-98-4,1, , , , , , , 
2476,4-99-2,1, , , , , , , 
2477,4-99-3,1, , , , , , , 
2478,4-100-1,1, , , , , , , 
2479,4-100-2,1, , , , , , , 
2480,4-101-1,1, , , , , , , 
2481,4-101-3,1, , , , , , , 
2482,4-101-4,1,797-2013 ,21/06/2005 ,CORTE SUPREMA DE LA REPUBLICA ,TERRORISMO ,SENTENCIA ABSOLUTORIA ,OTRO ,ABSOLUCIÓN 
2483,4-101-5,1, , , , , , , 
2484,4-102-1,1, , , , , , , 
2485,4-102-2,1, , , , , , , 
2486,4-102-3,1, , , , , , , 
2487,4-103-1,1, , , , , , , 
2488,4-103-2,1, , , , , , , 
2489,4-103-3,1, , , , , , , 
2490,4-103-4,1, , , , , , , 
2491,4-103-5,1, , , , , , , 
2492,4-103-6,1, , , , , , , 
2493,4-103-7,1, , , , , , , 
2494,4-103-8,1, , , , , , , 
2495,4-103-9,1, , , , , , , 
2496,4-103-10,1, , , , , , , 
2497,4-103-12,1, , , , , , , 
2498,4-103-13,1, , , , , , , 
2499,4-103-14,1, , , , , , , 
2500,4-103-15,1, , , , , , , 
2501,4-103-16,1, , , , , , , 
2502,4-103-17,1, , , , , , , 
2503,4-103-18,1, , , , , , , 
2504,4-103-19,1, , , , , , , 
2505,4-103-21,1, , , , , , , 
2506,4-103-22,1, , , , , , , 
2507,4-103-23,1, , , , , , , 
2508,4-103-24,1,05802-2011 ,26/10/2012 ,JUZGADO UNIPERSONAL DE INDEPENDENCIA ,LESIONES CULPOSAS ,4 ,SUSPENDIDA ,PENA CUMPLIDA 
2509,4-103-25,1, , , , , , , 
2510,4-103-26,1, , , , , , , 
2511,4-103-27,1, , , , , , , 
2512,4-103-28,1, , , , , , , 
2513,4-103-30,1, , , , , , , 
2514,4-103-31,1, , , , , , , 
2515,4-103-32,1, , , , , , , 
2516,4-103-34,1, , , , , , , 
2517,4-103-35,1, , , , , , , 
2518,4-103-36,1, , , , , , , 
2519,4-104-1,1, , , , , , , 
2520,4-104-3,1, , , , , , , 
2521,4-104-4,1, , , , , , , 
2522,4-104-5,1, , , , , , , 
2523,4-105-3,1, , , , , , , 
2524,4-106-1,1, , , , , , , 
2525,4-106-3,1, , , , , , , 
2526,4-107-1,1, , , , , , , 
2527,4-107-2,1, , , , , , , 
2528,4-107-3,1, , , , , , , 
2529,4-108-1,1, , , , , , , 
2530,4-108-2,1, , , , , , , 
2531,4-108-3,1, , , , , , , 
2532,4-108-4,1, , , , , , , 
2533,4-109-1,1, , , , , , , 
2534,4-109-2,1, , , , , , , 
2535,4-109-3,1, , , , , , , 
2536,4-110-1,1, , , , , , , 
2537,4-110-2,1, , , , , , , 
2538,4-110-3,1, , , , , , , 
2539,4-110-4,1, , , , , , , 
2540,4-111-1,1, , , , , , , 
2541,4-111-2,1, , , , , , , 
2542,4-111-3,1, , , , , , , 
2543,4-111-4,1, , , , , , , 
2544,4-111-5,1, , , , , , , 
2545,4-111-6,1, , , , , , , 
2546,4-111-7,1, , , , , , , 
2547,4-112-2,1, , , , , , , 
2548,4-112-3,1, , , , , , , 
2549,4-112-4,1, , , , , , , 
2550,4-113-1,1, , , , , , , 
2551,4-113-3,1, , , , , , , 
